barcode,sample_id,donor,disease_state,fraction,compartment_call,nCount_RNA,nFeature_RNA,percent.mt
cirrhotic1_cd45-A_cirrhotic1_cd45-A_ACACCGGTCCGCTGTT-1,cirrhotic1_cd45-A,cirrhotic1,cirrhotic,CD45_negative,mesenchymal_HSC_myofibroblast,11208,2468,3.4707351891506066
cirrhotic1_cd45-A_cirrhotic1_cd45-A_ATAACGCTCCGCATCT-1,cirrhotic1_cd45-A,cirrhotic1,cirrhotic,CD45_negative,endothelial,5727,1917,3.125545660904488
cirrhotic1_cd45-A_cirrhotic1_cd45-A_CACAGTAAGTACGCCC-1,cirrhotic1_cd45-A,cirrhotic1,cirrhotic,CD45_negative,mesenchymal_HSC_myofibroblast,15318,3427,3.453453453453453
cirrhotic1_cd45-A_cirrhotic1_cd45-A_CATGCCTTCTGCGACG-1,cirrhotic1_cd45-A,cirrhotic1,cirrhotic,CD45_negative,mesenchymal_HSC_myofibroblast,2061,799,4.463852498786997
cirrhotic1_cd45-A_cirrhotic1_cd45-A_CCATTCGCATGGTAGG-1,cirrhotic1_cd45-A,cirrhotic1,cirrhotic,CD45_negative,mesenchymal_HSC_myofibroblast,15637,3328,2.9737161859691756
cirrhotic1_cd45-A_cirrhotic1_cd45-A_CCTAAAGGTGTGCCTG-1,cirrhotic1_cd45-A,cirrhotic1,cirrhotic,CD45_negative,mesenchymal_HSC_myofibroblast,5010,1735,6.307385229540918
cirrhotic1_cd45-A_cirrhotic1_cd45-A_CCTCAGTAGGGTCGAT-1,cirrhotic1_cd45-A,cirrhotic1,cirrhotic,CD45_negative,macrophage_monocyte,2104,808,15.304182509505704
cirrhotic1_cd45-A_cirrhotic1_cd45-A_CCTTTCTAGTTAGCGG-1,cirrhotic1_cd45-A,cirrhotic1,cirrhotic,CD45_negative,mesenchymal_HSC_myofibroblast,6977,2010,7.410061631073528
cirrhotic1_cd45-A_cirrhotic1_cd45-A_CGGAGTCAGAAACGCC-1,cirrhotic1_cd45-A,cirrhotic1,cirrhotic,CD45_negative,macrophage_monocyte,2980,1240,13.355704697986578
cirrhotic1_cd45-A_cirrhotic1_cd45-A_CTCACACTCGTCTGCT-1,cirrhotic1_cd45-A,cirrhotic1,cirrhotic,CD45_negative,mesenchymal_HSC_myofibroblast,2246,753,16.562778272484415
cirrhotic1_cd45-A_cirrhotic1_cd45-A_GAATGAAAGCGAAGGG-1,cirrhotic1_cd45-A,cirrhotic1,cirrhotic,CD45_negative,endothelial,7990,2355,9.086357947434292
cirrhotic1_cd45-A_cirrhotic1_cd45-A_GATCGATAGGTGTGGT-1,cirrhotic1_cd45-A,cirrhotic1,cirrhotic,CD45_negative,endothelial,2359,938,11.360746078846969
cirrhotic1_cd45-A_cirrhotic1_cd45-A_GCAAACTTCGAACTGT-1,cirrhotic1_cd45-A,cirrhotic1,cirrhotic,CD45_negative,mesenchymal_HSC_myofibroblast,5521,1942,2.6625611302300305
cirrhotic1_cd45-A_cirrhotic1_cd45-A_GCATGATAGTATCGAA-1,cirrhotic1_cd45-A,cirrhotic1,cirrhotic,CD45_negative,endothelial,3365,1296,3.00148588410104
cirrhotic1_cd45-A_cirrhotic1_cd45-A_GCGAGAAAGTGCAAGC-1,cirrhotic1_cd45-A,cirrhotic1,cirrhotic,CD45_negative,endothelial,11511,3053,6.4633828511858225
cirrhotic1_cd45-A_cirrhotic1_cd45-A_GCTGGGTAGTGAACAT-1,cirrhotic1_cd45-A,cirrhotic1,cirrhotic,CD45_negative,endothelial,5882,2076,3.2301938116286975
cirrhotic1_cd45-A_cirrhotic1_cd45-A_GGTATTGTCTGCTGTC-1,cirrhotic1_cd45-A,cirrhotic1,cirrhotic,CD45_negative,endothelial,3765,1305,4.648074369189907
cirrhotic1_cd45-A_cirrhotic1_cd45-A_GTGCAGCTCTGGAGCC-1,cirrhotic1_cd45-A,cirrhotic1,cirrhotic,CD45_negative,mesenchymal_HSC_myofibroblast,6354,1903,9.222536984576644
cirrhotic1_cd45-A_cirrhotic1_cd45-A_GTGTGCGGTGAGGCTA-1,cirrhotic1_cd45-A,cirrhotic1,cirrhotic,CD45_negative,endothelial,3497,1591,4.947097512153274
cirrhotic1_cd45-A_cirrhotic1_cd45-A_TAGACCAAGATCCCAT-1,cirrhotic1_cd45-A,cirrhotic1,cirrhotic,CD45_negative,mesenchymal_HSC_myofibroblast,8261,2173,4.164144776661422
cirrhotic1_cd45-A_cirrhotic1_cd45-A_TCAACGATCGTTACGA-1,cirrhotic1_cd45-A,cirrhotic1,cirrhotic,CD45_negative,mesenchymal_HSC_myofibroblast,2204,922,5.762250453720508
cirrhotic1_cd45-A_cirrhotic1_cd45-A_TGGACGCGTCTGCGGT-1,cirrhotic1_cd45-A,cirrhotic1,cirrhotic,CD45_negative,endothelial,5141,1780,2.820462944952344
cirrhotic1_cd45-A_cirrhotic1_cd45-A_TGGGCGTAGGTGTTAA-1,cirrhotic1_cd45-A,cirrhotic1,cirrhotic,CD45_negative,macrophage_monocyte,4468,1240,3.73769024171889
cirrhotic1_cd45-A_cirrhotic1_cd45-A_TTAGTTCCATGAACCT-1,cirrhotic1_cd45-A,cirrhotic1,cirrhotic,CD45_negative,endothelial,6794,2324,8.536944362672946
cirrhotic1_cd45-B_cirrhotic1_cd45-B_AAACCTGGTATGAATG-1,cirrhotic1_cd45-B,cirrhotic1,cirrhotic,CD45_negative,mesenchymal_HSC_myofibroblast,4997,1471,5.323193916349809
cirrhotic1_cd45-B_cirrhotic1_cd45-B_ACCAGTAAGGAATTAC-1,cirrhotic1_cd45-B,cirrhotic1,cirrhotic,CD45_negative,other_or_unresolved,4758,1198,2.921395544346364
cirrhotic1_cd45-B_cirrhotic1_cd45-B_ACTATCTGTTCGGGCT-1,cirrhotic1_cd45-B,cirrhotic1,cirrhotic,CD45_negative,other_or_unresolved,3050,870,3.4098360655737707
cirrhotic1_cd45-B_cirrhotic1_cd45-B_ACTTACTCACCGAATT-1,cirrhotic1_cd45-B,cirrhotic1,cirrhotic,CD45_negative,mesenchymal_HSC_myofibroblast,7602,2350,2.8939752696658774
cirrhotic1_cd45-B_cirrhotic1_cd45-B_AGCGTATCAGATAATG-1,cirrhotic1_cd45-B,cirrhotic1,cirrhotic,CD45_negative,macrophage_monocyte,9242,2498,9.370266176152347
cirrhotic1_cd45-B_cirrhotic1_cd45-B_AGCTCCTGTGTGCGTC-1,cirrhotic1_cd45-B,cirrhotic1,cirrhotic,CD45_negative,macrophage_monocyte,5332,1929,8.720930232558139
cirrhotic1_cd45-B_cirrhotic1_cd45-B_CATTCGCTCGAATCCA-1,cirrhotic1_cd45-B,cirrhotic1,cirrhotic,CD45_negative,mesenchymal_HSC_myofibroblast,2793,874,11.564625850340136
cirrhotic1_cd45-B_cirrhotic1_cd45-B_CGGACGTTCAGTTAGC-1,cirrhotic1_cd45-B,cirrhotic1,cirrhotic,CD45_negative,other_or_unresolved,2956,1120,2.334235453315291
cirrhotic1_cd45-B_cirrhotic1_cd45-B_CTCGGAGTCCTTCAAT-1,cirrhotic1_cd45-B,cirrhotic1,cirrhotic,CD45_negative,other_or_unresolved,2433,792,3.945745992601726
cirrhotic1_cd45-B_cirrhotic1_cd45-B_GAATAAGCACGTAAGG-1,cirrhotic1_cd45-B,cirrhotic1,cirrhotic,CD45_negative,mesenchymal_HSC_myofibroblast,7523,1978,4.519473614249635
cirrhotic1_cd45-B_cirrhotic1_cd45-B_GACTACAAGCTGCGAA-1,cirrhotic1_cd45-B,cirrhotic1,cirrhotic,CD45_negative,mesenchymal_HSC_myofibroblast,5023,1656,7.824009556042205
cirrhotic1_cd45-B_cirrhotic1_cd45-B_GATCGATTCATCGATG-1,cirrhotic1_cd45-B,cirrhotic1,cirrhotic,CD45_negative,macrophage_monocyte,3736,1147,19.37901498929336
cirrhotic1_cd45-B_cirrhotic1_cd45-B_GGAAAGCGTTCCACTC-1,cirrhotic1_cd45-B,cirrhotic1,cirrhotic,CD45_negative,other_or_unresolved,3214,1075,3.2358431860609835
cirrhotic1_cd45-B_cirrhotic1_cd45-B_GGAATAACATGTAAGA-1,cirrhotic1_cd45-B,cirrhotic1,cirrhotic,CD45_negative,mesenchymal_HSC_myofibroblast,3971,1476,4.18030722739864
cirrhotic1_cd45-B_cirrhotic1_cd45-B_GGACATTTCCCACTTG-1,cirrhotic1_cd45-B,cirrhotic1,cirrhotic,CD45_negative,macrophage_monocyte,4782,1797,4.51693851944793
cirrhotic1_cd45-B_cirrhotic1_cd45-B_GTAGTCAGTGCCTGCA-1,cirrhotic1_cd45-B,cirrhotic1,cirrhotic,CD45_negative,other_or_unresolved,4016,1190,3.560756972111554
cirrhotic1_cd45-B_cirrhotic1_cd45-B_TACAGTGGTCTGCAAT-1,cirrhotic1_cd45-B,cirrhotic1,cirrhotic,CD45_negative,endothelial,2757,992,8.161044613710555
cirrhotic1_cd45-B_cirrhotic1_cd45-B_TACGGATTCGCGCCAA-1,cirrhotic1_cd45-B,cirrhotic1,cirrhotic,CD45_negative,mesenchymal_HSC_myofibroblast,7717,2046,4.3281067772450434
cirrhotic1_cd45-B_cirrhotic1_cd45-B_TCAGGTATCTCCCTGA-1,cirrhotic1_cd45-B,cirrhotic1,cirrhotic,CD45_negative,mesenchymal_HSC_myofibroblast,6833,2109,4.302648909702913
cirrhotic1_cd45-B_cirrhotic1_cd45-B_TGACGGCAGACTTTCG-1,cirrhotic1_cd45-B,cirrhotic1,cirrhotic,CD45_negative,mesenchymal_HSC_myofibroblast,6767,2103,10.86153391458549
cirrhotic1_cd45-B_cirrhotic1_cd45-B_TGGGAAGGTCGGGTCT-1,cirrhotic1_cd45-B,cirrhotic1,cirrhotic,CD45_negative,macrophage_monocyte,9591,2190,4.285267438223334
cirrhotic1_cd45-B_cirrhotic1_cd45-B_TTAACTCCAAGCTGTT-1,cirrhotic1_cd45-B,cirrhotic1,cirrhotic,CD45_negative,mesenchymal_HSC_myofibroblast,2790,1037,7.598566308243727
cirrhotic1_cd45-B_cirrhotic1_cd45-B_TTCTCCTCACAACGTT-1,cirrhotic1_cd45-B,cirrhotic1,cirrhotic,CD45_negative,macrophage_monocyte,6934,1967,23.01701759446207
cirrhotic1_cd45-B_cirrhotic1_cd45-B_TTTGGTTTCCGTACAA-1,cirrhotic1_cd45-B,cirrhotic1,cirrhotic,CD45_negative,mesenchymal_HSC_myofibroblast,3443,1339,22.770839384257915
cirrhotic1_cd45+_cirrhotic1_cd45+_AAAGATGGTACCGGCT-1,cirrhotic1_cd45+,cirrhotic1,cirrhotic,CD45_positive,other_or_unresolved,30627,1817,0.9632024031083684
cirrhotic1_cd45+_cirrhotic1_cd45+_AAGGCAGCACCGAAAG-1,cirrhotic1_cd45+,cirrhotic1,cirrhotic,CD45_positive,other_or_unresolved,3189,1178,4.546879899655065
cirrhotic1_cd45+_cirrhotic1_cd45+_ACTGCTCAGGTGTGGT-1,cirrhotic1_cd45+,cirrhotic1,cirrhotic,CD45_positive,macrophage_monocyte,2509,769,3.387803905938621
cirrhotic1_cd45+_cirrhotic1_cd45+_ATCACGACAGCATGAG-1,cirrhotic1_cd45+,cirrhotic1,cirrhotic,CD45_positive,mesenchymal_HSC_myofibroblast,2766,1135,9.797541576283441
cirrhotic1_cd45+_cirrhotic1_cd45+_CAGATCAGTCATGCCG-1,cirrhotic1_cd45+,cirrhotic1,cirrhotic,CD45_positive,endothelial,2681,1258,9.212980231256994
cirrhotic1_cd45+_cirrhotic1_cd45+_CAGTCCTAGCCAGAAC-1,cirrhotic1_cd45+,cirrhotic1,cirrhotic,CD45_positive,macrophage_monocyte,5317,1551,6.845965770171149
cirrhotic1_cd45+_cirrhotic1_cd45+_CCTTACGAGAGGGATA-1,cirrhotic1_cd45+,cirrhotic1,cirrhotic,CD45_positive,macrophage_monocyte,2604,1056,3.494623655913978
cirrhotic1_cd45+_cirrhotic1_cd45+_CGGACTGTCATCGCTC-1,cirrhotic1_cd45+,cirrhotic1,cirrhotic,CD45_positive,other_or_unresolved,2089,713,4.21254188606989
cirrhotic1_cd45+_cirrhotic1_cd45+_CGTGTCTTCCTAGTGA-1,cirrhotic1_cd45+,cirrhotic1,cirrhotic,CD45_positive,other_or_unresolved,3073,927,4.002603319232021
cirrhotic1_cd45+_cirrhotic1_cd45+_GCGCAACCAAAGCGGT-1,cirrhotic1_cd45+,cirrhotic1,cirrhotic,CD45_positive,macrophage_monocyte,6578,1562,3.9677713590757073
cirrhotic1_cd45+_cirrhotic1_cd45+_GCGGGTTAGACTTGAA-1,cirrhotic1_cd45+,cirrhotic1,cirrhotic,CD45_positive,other_or_unresolved,2257,715,4.253433761630483
cirrhotic1_cd45+_cirrhotic1_cd45+_GCGGGTTAGCGAAGGG-1,cirrhotic1_cd45+,cirrhotic1,cirrhotic,CD45_positive,other_or_unresolved,3622,1259,4.030922142462727
cirrhotic1_cd45+_cirrhotic1_cd45+_GCTGCTTAGAGCTATA-1,cirrhotic1_cd45+,cirrhotic1,cirrhotic,CD45_positive,other_or_unresolved,2313,874,4.9718979680069175
cirrhotic1_cd45+_cirrhotic1_cd45+_GCTGGGTTCATGTCTT-1,cirrhotic1_cd45+,cirrhotic1,cirrhotic,CD45_positive,other_or_unresolved,2195,627,4.646924829157175
cirrhotic1_cd45+_cirrhotic1_cd45+_TCGGGACCAGACACTT-1,cirrhotic1_cd45+,cirrhotic1,cirrhotic,CD45_positive,endothelial,9978,3036,5.051112447384246
cirrhotic1_cd45+_cirrhotic1_cd45+_TTGCGTCTCGCTTAGA-1,cirrhotic1_cd45+,cirrhotic1,cirrhotic,CD45_positive,macrophage_monocyte,5149,1636,2.816080792386871
cirrhotic2_cd45-_cirrhotic2_cd45-_AACTCCCAGGAATTAC-1,cirrhotic2_cd45-,cirrhotic2,cirrhotic,CD45_negative,other_or_unresolved,2192,998,7.116788321167883
cirrhotic2_cd45-_cirrhotic2_cd45-_AACTCCCTCGGCGCTA-1,cirrhotic2_cd45-,cirrhotic2,cirrhotic,CD45_negative,mesenchymal_HSC_myofibroblast,3664,1468,4.830786026200873
cirrhotic2_cd45-_cirrhotic2_cd45-_ACATCAGAGCTCAACT-1,cirrhotic2_cd45-,cirrhotic2,cirrhotic,CD45_negative,macrophage_monocyte,4092,1220,3.250244379276637
cirrhotic2_cd45-_cirrhotic2_cd45-_ACGCCGATCCTCGCAT-1,cirrhotic2_cd45-,cirrhotic2,cirrhotic,CD45_negative,macrophage_monocyte,6063,1828,3.249216559459014
cirrhotic2_cd45-_cirrhotic2_cd45-_ACTGTCCGTAAGAGGA-1,cirrhotic2_cd45-,cirrhotic2,cirrhotic,CD45_negative,endothelial,3186,1497,2.667922159447583
cirrhotic2_cd45-_cirrhotic2_cd45-_AGCTTGATCAAACCGT-1,cirrhotic2_cd45-,cirrhotic2,cirrhotic,CD45_negative,other_or_unresolved,2352,1063,5.909863945578231
cirrhotic2_cd45-_cirrhotic2_cd45-_CAAGATCGTCATACTG-1,cirrhotic2_cd45-,cirrhotic2,cirrhotic,CD45_negative,mesenchymal_HSC_myofibroblast,2527,1336,5.4214483577364465
cirrhotic2_cd45-_cirrhotic2_cd45-_CAGCTAAGTTATCGGT-1,cirrhotic2_cd45-,cirrhotic2,cirrhotic,CD45_negative,macrophage_monocyte,9045,2298,3.0071862907683804
cirrhotic2_cd45-_cirrhotic2_cd45-_CATCGAAGTGTGAATA-1,cirrhotic2_cd45-,cirrhotic2,cirrhotic,CD45_negative,mesenchymal_HSC_myofibroblast,24468,4796,2.3990518227889486
cirrhotic2_cd45-_cirrhotic2_cd45-_CCACGGAAGTGGGATC-1,cirrhotic2_cd45-,cirrhotic2,cirrhotic,CD45_negative,macrophage_monocyte,9344,3205,7.02054794520548
cirrhotic2_cd45-_cirrhotic2_cd45-_CCGTGGAGTAAATACG-1,cirrhotic2_cd45-,cirrhotic2,cirrhotic,CD45_negative,macrophage_monocyte,2587,1099,3.5948975647468107
cirrhotic2_cd45-_cirrhotic2_cd45-_CCTTCCCAGTCCAGGA-1,cirrhotic2_cd45-,cirrhotic2,cirrhotic,CD45_negative,endothelial,5553,2009,5.456509994597515
cirrhotic2_cd45-_cirrhotic2_cd45-_CTACATTGTAGGCTGA-1,cirrhotic2_cd45-,cirrhotic2,cirrhotic,CD45_negative,macrophage_monocyte,12502,2769,3.6554151335786274
cirrhotic2_cd45-_cirrhotic2_cd45-_CTCGTCAAGCCGGTAA-1,cirrhotic2_cd45-,cirrhotic2,cirrhotic,CD45_negative,macrophage_monocyte,6811,2139,4.1403611804434
cirrhotic2_cd45-_cirrhotic2_cd45-_CTGATAGTCACAACGT-1,cirrhotic2_cd45-,cirrhotic2,cirrhotic,CD45_negative,macrophage_monocyte,6516,2006,4.143646408839778
cirrhotic2_cd45-_cirrhotic2_cd45-_GCGGGTTCACCCTATC-1,cirrhotic2_cd45-,cirrhotic2,cirrhotic,CD45_negative,endothelial,4575,1447,2.9726775956284155
cirrhotic2_cd45-_cirrhotic2_cd45-_GGACGTCGTAGCAAAT-1,cirrhotic2_cd45-,cirrhotic2,cirrhotic,CD45_negative,mesenchymal_HSC_myofibroblast,12851,3328,2.1788187689673952
cirrhotic2_cd45-_cirrhotic2_cd45-_GGCGTGTGTTCACGGC-1,cirrhotic2_cd45-,cirrhotic2,cirrhotic,CD45_negative,endothelial,11467,3122,3.3051364785907387
cirrhotic2_cd45-_cirrhotic2_cd45-_GGGACCTTCAGAAATG-1,cirrhotic2_cd45-,cirrhotic2,cirrhotic,CD45_negative,macrophage_monocyte,2932,1291,3.2060027285129604
cirrhotic2_cd45-_cirrhotic2_cd45-_GTACTCCGTTGGGACA-1,cirrhotic2_cd45-,cirrhotic2,cirrhotic,CD45_negative,macrophage_monocyte,3162,1434,2.8779253636938646
cirrhotic2_cd45-_cirrhotic2_cd45-_GTATCTTTCTCGGACG-1,cirrhotic2_cd45-,cirrhotic2,cirrhotic,CD45_negative,other_or_unresolved,2464,1110,3.896103896103896
cirrhotic2_cd45-_cirrhotic2_cd45-_TACGGGCGTTGAGGTG-1,cirrhotic2_cd45-,cirrhotic2,cirrhotic,CD45_negative,macrophage_monocyte,4037,1456,4.334902155065643
cirrhotic2_cd45-_cirrhotic2_cd45-_TCAACGAGTGTTCTTT-1,cirrhotic2_cd45-,cirrhotic2,cirrhotic,CD45_negative,endothelial,8090,2417,2.4598269468479605
cirrhotic2_cd45-_cirrhotic2_cd45-_TCCACACAGAGGTTAT-1,cirrhotic2_cd45-,cirrhotic2,cirrhotic,CD45_negative,endothelial,11725,3524,8.8272921108742
cirrhotic2_cd45-_cirrhotic2_cd45-_TGAGCATCAACGCACC-1,cirrhotic2_cd45-,cirrhotic2,cirrhotic,CD45_negative,mesenchymal_HSC_myofibroblast,4027,1635,6.232927737770052
cirrhotic2_cd45-_cirrhotic2_cd45-_TGGGAAGCAGTACACT-1,cirrhotic2_cd45-,cirrhotic2,cirrhotic,CD45_negative,macrophage_monocyte,9240,2699,4.3398268398268405
cirrhotic2_cd45-_cirrhotic2_cd45-_TGGTTAGCACTGAAGG-1,cirrhotic2_cd45-,cirrhotic2,cirrhotic,CD45_negative,mesenchymal_HSC_myofibroblast,3745,1502,8.224299065420562
cirrhotic2_cd45-_cirrhotic2_cd45-_TTGGAACCATTGGTAC-1,cirrhotic2_cd45-,cirrhotic2,cirrhotic,CD45_negative,endothelial,6050,2217,2.743801652892562
cirrhotic2_cd45-_cirrhotic2_cd45-_TTTACTGGTAGGCATG-1,cirrhotic2_cd45-,cirrhotic2,cirrhotic,CD45_negative,endothelial,7681,2542,3.4110141908605653
cirrhotic2_cd45+_cirrhotic2_cd45+_AACGTTGTCAGATAAG-1,cirrhotic2_cd45+,cirrhotic2,cirrhotic,CD45_positive,endothelial,2967,1344,4.078193461408831
cirrhotic2_cd45+_cirrhotic2_cd45+_ACCAGTAAGCGAGAAA-1,cirrhotic2_cd45+,cirrhotic2,cirrhotic,CD45_positive,macrophage_monocyte,1977,792,19.372787051087506
cirrhotic2_cd45+_cirrhotic2_cd45+_AGAATAGCATAGGATA-1,cirrhotic2_cd45+,cirrhotic2,cirrhotic,CD45_positive,endothelial,9096,2741,3.847845206684257
cirrhotic2_cd45+_cirrhotic2_cd45+_AGACGTTAGGGTGTTG-1,cirrhotic2_cd45+,cirrhotic2,cirrhotic,CD45_positive,other_or_unresolved,3829,1323,2.898929224340559
cirrhotic2_cd45+_cirrhotic2_cd45+_ATCATGGCAGTAACGG-1,cirrhotic2_cd45+,cirrhotic2,cirrhotic,CD45_positive,macrophage_monocyte,2490,1181,2.891566265060241
cirrhotic2_cd45+_cirrhotic2_cd45+_ATCCACCGTGCAGACA-1,cirrhotic2_cd45+,cirrhotic2,cirrhotic,CD45_positive,other_or_unresolved,2692,1136,4.086181277860327
cirrhotic2_cd45+_cirrhotic2_cd45+_CACCACTGTCCGTCAG-1,cirrhotic2_cd45+,cirrhotic2,cirrhotic,CD45_positive,mesenchymal_HSC_myofibroblast,6912,2673,3.1684027777777777
cirrhotic2_cd45+_cirrhotic2_cd45+_CATCGAAGTGACTACT-1,cirrhotic2_cd45+,cirrhotic2,cirrhotic,CD45_positive,other_or_unresolved,3155,1438,3.328050713153724
cirrhotic2_cd45+_cirrhotic2_cd45+_CGAGCCAGTCATGCAT-1,cirrhotic2_cd45+,cirrhotic2,cirrhotic,CD45_positive,other_or_unresolved,1822,917,6.695938529088913
cirrhotic2_cd45+_cirrhotic2_cd45+_CTCATTACAACACGCC-1,cirrhotic2_cd45+,cirrhotic2,cirrhotic,CD45_positive,macrophage_monocyte,2740,1261,4.051094890510949
cirrhotic2_cd45+_cirrhotic2_cd45+_CTCGGAGGTTCCAACA-1,cirrhotic2_cd45+,cirrhotic2,cirrhotic,CD45_positive,endothelial,4866,2014,1.2741471434443075
cirrhotic2_cd45+_cirrhotic2_cd45+_CTGCGGATCTCGCATC-1,cirrhotic2_cd45+,cirrhotic2,cirrhotic,CD45_positive,endothelial,9008,2746,3.4413854351687387
cirrhotic2_cd45+_cirrhotic2_cd45+_GAAACTCGTCATGCCG-1,cirrhotic2_cd45+,cirrhotic2,cirrhotic,CD45_positive,mesenchymal_HSC_myofibroblast,8758,2827,5.001141813199361
cirrhotic2_cd45+_cirrhotic2_cd45+_GCATGCGGTTACGCGC-1,cirrhotic2_cd45+,cirrhotic2,cirrhotic,CD45_positive,mesenchymal_HSC_myofibroblast,3125,1283,2.08
cirrhotic2_cd45+_cirrhotic2_cd45+_GCGAGAAGTAACGACG-1,cirrhotic2_cd45+,cirrhotic2,cirrhotic,CD45_positive,mesenchymal_HSC_myofibroblast,2786,1105,3.5175879396984926
cirrhotic2_cd45+_cirrhotic2_cd45+_GCTGCGAGTTACTGAC-1,cirrhotic2_cd45+,cirrhotic2,cirrhotic,CD45_positive,mesenchymal_HSC_myofibroblast,4793,1853,2.5245149175881494
cirrhotic2_cd45+_cirrhotic2_cd45+_GGTGCGTGTTAAGATG-1,cirrhotic2_cd45+,cirrhotic2,cirrhotic,CD45_positive,macrophage_monocyte,1961,968,4.640489546149924
cirrhotic2_cd45+_cirrhotic2_cd45+_GTATTCTAGTACACCT-1,cirrhotic2_cd45+,cirrhotic2,cirrhotic,CD45_positive,other_or_unresolved,3420,1419,2.2514619883040936
cirrhotic2_cd45+_cirrhotic2_cd45+_GTCCTCACATGCCTTC-1,cirrhotic2_cd45+,cirrhotic2,cirrhotic,CD45_positive,endothelial,8737,3237,2.918621952615314
cirrhotic2_cd45+_cirrhotic2_cd45+_GTTACAGTCCAAGTAC-1,cirrhotic2_cd45+,cirrhotic2,cirrhotic,CD45_positive,other_or_unresolved,3229,1172,4.707339733663673
cirrhotic2_cd45+_cirrhotic2_cd45+_TACAGTGGTCATTAGC-1,cirrhotic2_cd45+,cirrhotic2,cirrhotic,CD45_positive,macrophage_monocyte,5148,1958,6.42968142968143
cirrhotic2_cd45+_cirrhotic2_cd45+_TCAACGAAGCAAATCA-1,cirrhotic2_cd45+,cirrhotic2,cirrhotic,CD45_positive,macrophage_monocyte,3688,1496,10.629067245119305
cirrhotic2_cd45+_cirrhotic2_cd45+_TCAACGACAGCTGCAC-1,cirrhotic2_cd45+,cirrhotic2,cirrhotic,CD45_positive,mesenchymal_HSC_myofibroblast,4511,1640,5.298160053203281
cirrhotic2_cd45+_cirrhotic2_cd45+_TTATGCTCAGCAGTTT-1,cirrhotic2_cd45+,cirrhotic2,cirrhotic,CD45_positive,endothelial,3558,1557,3.288364249578415
cirrhotic3_cd45-_cirrhotic3_cd45-_AACTCAGAGCTGCCCA-1,cirrhotic3_cd45-,cirrhotic3,cirrhotic,CD45_negative,macrophage_monocyte,3722,1173,5.722729715206878
cirrhotic3_cd45-_cirrhotic3_cd45-_AACTTTCTCCACGTTC-1,cirrhotic3_cd45-,cirrhotic3,cirrhotic,CD45_negative,macrophage_monocyte,4233,1594,9.378691235530356
cirrhotic3_cd45-_cirrhotic3_cd45-_ACACCAATCTGAAAGA-1,cirrhotic3_cd45-,cirrhotic3,cirrhotic,CD45_negative,mesenchymal_HSC_myofibroblast,12844,3089,3.3245094985985673
cirrhotic3_cd45-_cirrhotic3_cd45-_ACACCGGCAACTTGAC-1,cirrhotic3_cd45-,cirrhotic3,cirrhotic,CD45_negative,endothelial,3114,1264,3.1791907514450863
cirrhotic3_cd45-_cirrhotic3_cd45-_ACGATACTCCCTGACT-1,cirrhotic3_cd45-,cirrhotic3,cirrhotic,CD45_negative,macrophage_monocyte,6304,2103,6.1389593908629445
cirrhotic3_cd45-_cirrhotic3_cd45-_AGATCTGCAGTAACGG-1,cirrhotic3_cd45-,cirrhotic3,cirrhotic,CD45_negative,endothelial,10317,2700,4.410196762624794
cirrhotic3_cd45-_cirrhotic3_cd45-_AGCTTGAGTGAGTATA-1,cirrhotic3_cd45-,cirrhotic3,cirrhotic,CD45_negative,macrophage_monocyte,4422,1465,3.573043871551334
cirrhotic3_cd45-_cirrhotic3_cd45-_AGGCCACGTCTAGGTT-1,cirrhotic3_cd45-,cirrhotic3,cirrhotic,CD45_negative,endothelial,6290,2003,2.1939586645469
cirrhotic3_cd45-_cirrhotic3_cd45-_AGTCTTTTCGCTAGCG-1,cirrhotic3_cd45-,cirrhotic3,cirrhotic,CD45_negative,endothelial,3814,1348,5.060304142632407
cirrhotic3_cd45-_cirrhotic3_cd45-_AGTGAGGAGCGATTCT-1,cirrhotic3_cd45-,cirrhotic3,cirrhotic,CD45_negative,other_or_unresolved,2211,651,3.70872908186341
cirrhotic3_cd45-_cirrhotic3_cd45-_AGTTGGTAGTGCAAGC-1,cirrhotic3_cd45-,cirrhotic3,cirrhotic,CD45_negative,endothelial,6947,2105,4.131279689074421
cirrhotic3_cd45-_cirrhotic3_cd45-_ATTATCCAGATATGGT-1,cirrhotic3_cd45-,cirrhotic3,cirrhotic,CD45_negative,endothelial,3455,1437,3.357452966714906
cirrhotic3_cd45-_cirrhotic3_cd45-_CAAGAAAGTAAGGGAA-1,cirrhotic3_cd45-,cirrhotic3,cirrhotic,CD45_negative,endothelial,3146,1281,8.137317228226319
cirrhotic3_cd45-_cirrhotic3_cd45-_CACCACTGTCATATGC-1,cirrhotic3_cd45-,cirrhotic3,cirrhotic,CD45_negative,macrophage_monocyte,6962,1558,4.8261993679977016
cirrhotic3_cd45-_cirrhotic3_cd45-_CAGAATCTCAGCAACT-1,cirrhotic3_cd45-,cirrhotic3,cirrhotic,CD45_negative,mesenchymal_HSC_myofibroblast,4206,1569,5.4446029481692815
cirrhotic3_cd45-_cirrhotic3_cd45-_CAGGTGCCATGTCGAT-1,cirrhotic3_cd45-,cirrhotic3,cirrhotic,CD45_negative,endothelial,2754,1216,3.994190268700073
cirrhotic3_cd45-_cirrhotic3_cd45-_CAGGTGCGTTGTTTGG-1,cirrhotic3_cd45-,cirrhotic3,cirrhotic,CD45_negative,endothelial,3338,1509,4.313960455362492
cirrhotic3_cd45-_cirrhotic3_cd45-_CATTCGCCATTTCAGG-1,cirrhotic3_cd45-,cirrhotic3,cirrhotic,CD45_negative,mesenchymal_HSC_myofibroblast,9134,2514,1.7298007444712067
cirrhotic3_cd45-_cirrhotic3_cd45-_CCTTCGACATGTAAGA-1,cirrhotic3_cd45-,cirrhotic3,cirrhotic,CD45_negative,endothelial,7140,2265,3.6274509803921573
cirrhotic3_cd45-_cirrhotic3_cd45-_CCTTTCTGTGGTGTAG-1,cirrhotic3_cd45-,cirrhotic3,cirrhotic,CD45_negative,endothelial,13377,3057,2.8855498243253344
cirrhotic3_cd45-_cirrhotic3_cd45-_CGATTGAGTGCCTGCA-1,cirrhotic3_cd45-,cirrhotic3,cirrhotic,CD45_negative,endothelial,3695,1545,4.330175913396482
cirrhotic3_cd45-_cirrhotic3_cd45-_CGCGGTAGTGAGGGTT-1,cirrhotic3_cd45-,cirrhotic3,cirrhotic,CD45_negative,macrophage_monocyte,4683,1257,5.103566090113175
cirrhotic3_cd45-_cirrhotic3_cd45-_CGTCAGGAGATGTTAG-1,cirrhotic3_cd45-,cirrhotic3,cirrhotic,CD45_negative,endothelial,6599,2171,2.348840733444461
cirrhotic3_cd45-_cirrhotic3_cd45-_CTCGAAATCAACGGCC-1,cirrhotic3_cd45-,cirrhotic3,cirrhotic,CD45_negative,mesenchymal_HSC_myofibroblast,30133,4699,2.548700759964159
cirrhotic3_cd45-_cirrhotic3_cd45-_CTCTACGGTCAATGTC-1,cirrhotic3_cd45-,cirrhotic3,cirrhotic,CD45_negative,mesenchymal_HSC_myofibroblast,2460,966,13.94308943089431
cirrhotic3_cd45-_cirrhotic3_cd45-_CTTAACTTCTTTACGT-1,cirrhotic3_cd45-,cirrhotic3,cirrhotic,CD45_negative,endothelial,3683,1469,3.90985609557426
cirrhotic3_cd45-_cirrhotic3_cd45-_GAACATCGTGTGTGCC-1,cirrhotic3_cd45-,cirrhotic3,cirrhotic,CD45_negative,mesenchymal_HSC_myofibroblast,4052,1737,12.314906219151037
cirrhotic3_cd45-_cirrhotic3_cd45-_GACAGAGAGACACGAC-1,cirrhotic3_cd45-,cirrhotic3,cirrhotic,CD45_negative,endothelial,3059,1044,11.474338018960445
cirrhotic3_cd45-_cirrhotic3_cd45-_GAGGTGATCATGCATG-1,cirrhotic3_cd45-,cirrhotic3,cirrhotic,CD45_negative,endothelial,3402,1599,3.7330981775426224
cirrhotic3_cd45-_cirrhotic3_cd45-_GATCAGTGTACTTGAC-1,cirrhotic3_cd45-,cirrhotic3,cirrhotic,CD45_negative,endothelial,7544,2054,3.645281018027571
cirrhotic3_cd45-_cirrhotic3_cd45-_GATCGTAGTTTCCACC-1,cirrhotic3_cd45-,cirrhotic3,cirrhotic,CD45_negative,endothelial,5215,1638,6.404602109300097
cirrhotic3_cd45-_cirrhotic3_cd45-_GATGAAACATGAGCGA-1,cirrhotic3_cd45-,cirrhotic3,cirrhotic,CD45_negative,endothelial,2390,1009,2.5523012552301254
cirrhotic3_cd45-_cirrhotic3_cd45-_GCTCCTATCCGTTGCT-1,cirrhotic3_cd45-,cirrhotic3,cirrhotic,CD45_negative,other_or_unresolved,8883,1944,3.005741303613644
cirrhotic3_cd45-_cirrhotic3_cd45-_GGCGTGTGTCTCCATC-1,cirrhotic3_cd45-,cirrhotic3,cirrhotic,CD45_negative,endothelial,20196,3521,3.3868092691622103
cirrhotic3_cd45-_cirrhotic3_cd45-_GGGAGATGTGAACCTT-1,cirrhotic3_cd45-,cirrhotic3,cirrhotic,CD45_negative,endothelial,7947,2092,2.4411727695985905
cirrhotic3_cd45-_cirrhotic3_cd45-_GTACGTACAAGCTGAG-1,cirrhotic3_cd45-,cirrhotic3,cirrhotic,CD45_negative,other_or_unresolved,2234,907,3.670546105640107
cirrhotic3_cd45-_cirrhotic3_cd45-_GTTCATTCAGCCTTTC-1,cirrhotic3_cd45-,cirrhotic3,cirrhotic,CD45_negative,mesenchymal_HSC_myofibroblast,3152,1047,7.836294416243655
cirrhotic3_cd45-_cirrhotic3_cd45-_TAGACCACAAAGGAAG-1,cirrhotic3_cd45-,cirrhotic3,cirrhotic,CD45_negative,endothelial,2503,1139,5.513383939272873
cirrhotic3_cd45-_cirrhotic3_cd45-_TAGTTGGTCGCTAGCG-1,cirrhotic3_cd45-,cirrhotic3,cirrhotic,CD45_negative,endothelial,2802,1094,3.461812990720914
cirrhotic3_cd45-_cirrhotic3_cd45-_TGATTTCTCATCATTC-1,cirrhotic3_cd45-,cirrhotic3,cirrhotic,CD45_negative,other_or_unresolved,2434,1101,5.751848808545604
cirrhotic3_cd45-_cirrhotic3_cd45-_TGGCTGGGTTCAGACT-1,cirrhotic3_cd45-,cirrhotic3,cirrhotic,CD45_negative,mesenchymal_HSC_myofibroblast,2296,1063,5.83623693379791
cirrhotic3_cd45-_cirrhotic3_cd45-_TTAGGACAGTGAAGTT-1,cirrhotic3_cd45-,cirrhotic3,cirrhotic,CD45_negative,endothelial,2453,937,0.08153281695882593
cirrhotic3_cd45-_cirrhotic3_cd45-_TTGGAACCACGAAATA-1,cirrhotic3_cd45-,cirrhotic3,cirrhotic,CD45_negative,endothelial,5737,1989,5.351228865260589
cirrhotic3_cd45+_cirrhotic3_cd45+_ACACCCTGTCCTGCTT-1,cirrhotic3_cd45+,cirrhotic3,cirrhotic,CD45_positive,mesenchymal_HSC_myofibroblast,2444,1019,4.3371522094926345
cirrhotic3_cd45+_cirrhotic3_cd45+_ACAGCTAGTCACCTAA-1,cirrhotic3_cd45+,cirrhotic3,cirrhotic,CD45_positive,other_or_unresolved,12738,1291,1.6564609828858534
cirrhotic3_cd45+_cirrhotic3_cd45+_AGACGTTTCAATCTCT-1,cirrhotic3_cd45+,cirrhotic3,cirrhotic,CD45_positive,macrophage_monocyte,6134,2132,4.026736224323443
cirrhotic3_cd45+_cirrhotic3_cd45+_AGCGTATAGTGAATTG-1,cirrhotic3_cd45+,cirrhotic3,cirrhotic,CD45_positive,endothelial,5746,1751,8.875739644970414
cirrhotic3_cd45+_cirrhotic3_cd45+_AGCGTCGGTTCGGCAC-1,cirrhotic3_cd45+,cirrhotic3,cirrhotic,CD45_positive,endothelial,2021,1027,21.969322117763486
cirrhotic3_cd45+_cirrhotic3_cd45+_ATAAGAGGTTGTCTTT-1,cirrhotic3_cd45+,cirrhotic3,cirrhotic,CD45_positive,other_or_unresolved,2076,663,2.119460500963391
cirrhotic3_cd45+_cirrhotic3_cd45+_CAACTAGAGCCCAATT-1,cirrhotic3_cd45+,cirrhotic3,cirrhotic,CD45_positive,endothelial,6954,1961,4.083980442910555
cirrhotic3_cd45+_cirrhotic3_cd45+_CAGTCCTTCGCCGTGA-1,cirrhotic3_cd45+,cirrhotic3,cirrhotic,CD45_positive,mesenchymal_HSC_myofibroblast,3589,1269,10.615770409584844
cirrhotic3_cd45+_cirrhotic3_cd45+_CATATTCAGCGCCTTG-1,cirrhotic3_cd45+,cirrhotic3,cirrhotic,CD45_positive,mesenchymal_HSC_myofibroblast,2817,938,7.561235356762514
cirrhotic3_cd45+_cirrhotic3_cd45+_CCTTCGACATCGGACC-1,cirrhotic3_cd45+,cirrhotic3,cirrhotic,CD45_positive,mesenchymal_HSC_myofibroblast,24074,3771,2.5255462324499462
cirrhotic3_cd45+_cirrhotic3_cd45+_CGAATGTAGGCCGAAT-1,cirrhotic3_cd45+,cirrhotic3,cirrhotic,CD45_positive,macrophage_monocyte,6612,1005,4.053236539624924
cirrhotic3_cd45+_cirrhotic3_cd45+_CGCCAAGGTTTAGGAA-1,cirrhotic3_cd45+,cirrhotic3,cirrhotic,CD45_positive,endothelial,3856,1415,3.8381742738589213
cirrhotic3_cd45+_cirrhotic3_cd45+_CTCGGGAAGTCTCAAC-1,cirrhotic3_cd45+,cirrhotic3,cirrhotic,CD45_positive,endothelial,2424,1011,2.268976897689769
cirrhotic3_cd45+_cirrhotic3_cd45+_GACTACAGTTCCACGG-1,cirrhotic3_cd45+,cirrhotic3,cirrhotic,CD45_positive,endothelial,7362,1608,4.822059223037218
cirrhotic3_cd45+_cirrhotic3_cd45+_GATGAAATCCTAGTGA-1,cirrhotic3_cd45+,cirrhotic3,cirrhotic,CD45_positive,mesenchymal_HSC_myofibroblast,10516,2597,2.215671357930772
cirrhotic3_cd45+_cirrhotic3_cd45+_GCATGATAGATATACG-1,cirrhotic3_cd45+,cirrhotic3,cirrhotic,CD45_positive,mesenchymal_HSC_myofibroblast,12418,2269,2.4239007891770012
cirrhotic3_cd45+_cirrhotic3_cd45+_GCTCCTACAGCTATTG-1,cirrhotic3_cd45+,cirrhotic3,cirrhotic,CD45_positive,mesenchymal_HSC_myofibroblast,6916,1733,6.029496818970504
cirrhotic3_cd45+_cirrhotic3_cd45+_GGACAAGAGGCGTACA-1,cirrhotic3_cd45+,cirrhotic3,cirrhotic,CD45_positive,mesenchymal_HSC_myofibroblast,11638,2772,7.372400756143667
cirrhotic3_cd45+_cirrhotic3_cd45+_GGGAGATTCCTTGGTC-1,cirrhotic3_cd45+,cirrhotic3,cirrhotic,CD45_positive,mesenchymal_HSC_myofibroblast,4148,1373,7.256509161041466
cirrhotic3_cd45+_cirrhotic3_cd45+_GGGTTGCGTTTGTTTC-1,cirrhotic3_cd45+,cirrhotic3,cirrhotic,CD45_positive,mesenchymal_HSC_myofibroblast,13220,2559,3.018154311649017
cirrhotic3_cd45+_cirrhotic3_cd45+_GTATCTTTCCAGAGGA-1,cirrhotic3_cd45+,cirrhotic3,cirrhotic,CD45_positive,other_or_unresolved,2788,958,2.582496413199426
cirrhotic3_cd45+_cirrhotic3_cd45+_GTGCATATCTGCGTAA-1,cirrhotic3_cd45+,cirrhotic3,cirrhotic,CD45_positive,mesenchymal_HSC_myofibroblast,20451,3672,2.30306586474989
cirrhotic3_cd45+_cirrhotic3_cd45+_TACACGAAGCCGTCGT-1,cirrhotic3_cd45+,cirrhotic3,cirrhotic,CD45_positive,mesenchymal_HSC_myofibroblast,15637,2722,2.30223188591162
cirrhotic3_cd45+_cirrhotic3_cd45+_TATCTCAAGCTGTTCA-1,cirrhotic3_cd45+,cirrhotic3,cirrhotic,CD45_positive,mesenchymal_HSC_myofibroblast,16144,2836,2.967046580773043
cirrhotic3_cd45+_cirrhotic3_cd45+_TCAATCTCAATGCCAT-1,cirrhotic3_cd45+,cirrhotic3,cirrhotic,CD45_positive,mesenchymal_HSC_myofibroblast,2903,1034,5.201515673441268
cirrhotic3_cd45+_cirrhotic3_cd45+_TCTGGAAGTGACTACT-1,cirrhotic3_cd45+,cirrhotic3,cirrhotic,CD45_positive,mesenchymal_HSC_myofibroblast,7241,1990,4.819776273995305
cirrhotic3_cd45+_cirrhotic3_cd45+_TGCCCATTCAAACAAG-1,cirrhotic3_cd45+,cirrhotic3,cirrhotic,CD45_positive,macrophage_monocyte,5204,1317,4.688700999231361
cirrhotic3_cd45+_cirrhotic3_cd45+_TGCGCAGTCAGATAAG-1,cirrhotic3_cd45+,cirrhotic3,cirrhotic,CD45_positive,macrophage_monocyte,2868,979,6.03207810320781
cirrhotic3_cd45+_cirrhotic3_cd45+_TGGGCGTAGTCTCAAC-1,cirrhotic3_cd45+,cirrhotic3,cirrhotic,CD45_positive,mesenchymal_HSC_myofibroblast,48636,5357,3.4110535405872193
cirrhotic4_cd45+_cirrhotic4_cd45+_AATCCAGGTTCCGTCT-1,cirrhotic4_cd45+,cirrhotic4,cirrhotic,CD45_positive,other_or_unresolved,2992,967,3.2754010695187166
cirrhotic4_cd45+_cirrhotic4_cd45+_ACATACGAGAGGTTAT-1,cirrhotic4_cd45+,cirrhotic4,cirrhotic,CD45_positive,other_or_unresolved,2741,865,2.4078803356439256
cirrhotic4_cd45+_cirrhotic4_cd45+_ACGAGCCTCAGGTTCA-1,cirrhotic4_cd45+,cirrhotic4,cirrhotic,CD45_positive,endothelial,3452,1498,2.578215527230591
cirrhotic4_cd45+_cirrhotic4_cd45+_ACTTTCAAGGGCTTGA-1,cirrhotic4_cd45+,cirrhotic4,cirrhotic,CD45_positive,macrophage_monocyte,5196,1884,3.117782909930716
cirrhotic4_cd45+_cirrhotic4_cd45+_ATAACGCCATCACCCT-1,cirrhotic4_cd45+,cirrhotic4,cirrhotic,CD45_positive,other_or_unresolved,2639,932,3.183023872679045
cirrhotic4_cd45+_cirrhotic4_cd45+_ATTTCTGGTCCGTTAA-1,cirrhotic4_cd45+,cirrhotic4,cirrhotic,CD45_positive,other_or_unresolved,6508,2105,2.043638598647818
cirrhotic4_cd45+_cirrhotic4_cd45+_CACCTTGTCTGTCTCG-1,cirrhotic4_cd45+,cirrhotic4,cirrhotic,CD45_positive,other_or_unresolved,3412,1097,1.846424384525205
cirrhotic4_cd45+_cirrhotic4_cd45+_CAGCAGCTCGTCTGCT-1,cirrhotic4_cd45+,cirrhotic4,cirrhotic,CD45_positive,other_or_unresolved,2172,975,3.6372007366482504
cirrhotic4_cd45+_cirrhotic4_cd45+_CAGCCGATCGCTTGTC-1,cirrhotic4_cd45+,cirrhotic4,cirrhotic,CD45_positive,macrophage_monocyte,2674,917,3.1787584143605088
cirrhotic4_cd45+_cirrhotic4_cd45+_CCACCTACATCCAACA-1,cirrhotic4_cd45+,cirrhotic4,cirrhotic,CD45_positive,other_or_unresolved,2315,876,1.7278617710583155
cirrhotic4_cd45+_cirrhotic4_cd45+_CGACCTTGTTACCAGT-1,cirrhotic4_cd45+,cirrhotic4,cirrhotic,CD45_positive,other_or_unresolved,3591,1068,2.0050125313283207
cirrhotic4_cd45+_cirrhotic4_cd45+_CGTCACTGTTCGGCAC-1,cirrhotic4_cd45+,cirrhotic4,cirrhotic,CD45_positive,other_or_unresolved,2196,1005,1.5027322404371584
cirrhotic4_cd45+_cirrhotic4_cd45+_CGTCCATAGATGTGGC-1,cirrhotic4_cd45+,cirrhotic4,cirrhotic,CD45_positive,macrophage_monocyte,9745,2752,3.950743971267317
cirrhotic4_cd45+_cirrhotic4_cd45+_CTAACTTTCCAAACTG-1,cirrhotic4_cd45+,cirrhotic4,cirrhotic,CD45_positive,other_or_unresolved,2408,907,1.7026578073089702
cirrhotic4_cd45+_cirrhotic4_cd45+_CTAGAGTCAGTACACT-1,cirrhotic4_cd45+,cirrhotic4,cirrhotic,CD45_positive,macrophage_monocyte,2690,1081,1.858736059479554
cirrhotic4_cd45+_cirrhotic4_cd45+_CTGATAGAGCTCCTCT-1,cirrhotic4_cd45+,cirrhotic4,cirrhotic,CD45_positive,other_or_unresolved,2241,906,1.78491744756805
cirrhotic4_cd45+_cirrhotic4_cd45+_GAGCAGAGTATTAGCC-1,cirrhotic4_cd45+,cirrhotic4,cirrhotic,CD45_positive,other_or_unresolved,4833,1660,2.0277260500724186
cirrhotic4_cd45+_cirrhotic4_cd45+_GCTGCGACAAAGTCAA-1,cirrhotic4_cd45+,cirrhotic4,cirrhotic,CD45_positive,macrophage_monocyte,2191,847,2.464628023733455
cirrhotic4_cd45+_cirrhotic4_cd45+_GGCAATTGTCTTGATG-1,cirrhotic4_cd45+,cirrhotic4,cirrhotic,CD45_positive,macrophage_monocyte,3007,958,0.09976720984369804
cirrhotic4_cd45+_cirrhotic4_cd45+_GGGTCTGAGAGGACGG-1,cirrhotic4_cd45+,cirrhotic4,cirrhotic,CD45_positive,other_or_unresolved,2354,725,1.9116397621070518
cirrhotic4_cd45+_cirrhotic4_cd45+_GGTGAAGGTGGGTATG-1,cirrhotic4_cd45+,cirrhotic4,cirrhotic,CD45_positive,mesenchymal_HSC_myofibroblast,2633,1108,9.115077857956704
cirrhotic4_cd45+_cirrhotic4_cd45+_GTAACTGTCGTCTGCT-1,cirrhotic4_cd45+,cirrhotic4,cirrhotic,CD45_positive,other_or_unresolved,2993,1387,1.3364517206815905
cirrhotic4_cd45+_cirrhotic4_cd45+_GTGCAGCAGAGCCTAG-1,cirrhotic4_cd45+,cirrhotic4,cirrhotic,CD45_positive,other_or_unresolved,2660,934,1.9172932330827068
cirrhotic4_cd45+_cirrhotic4_cd45+_GTGCTTCGTACAGACG-1,cirrhotic4_cd45+,cirrhotic4,cirrhotic,CD45_positive,macrophage_monocyte,4172,1704,1.5819750719079577
cirrhotic4_cd45+_cirrhotic4_cd45+_GTGGGTCAGCTCCCAG-1,cirrhotic4_cd45+,cirrhotic4,cirrhotic,CD45_positive,other_or_unresolved,3441,1125,2.935193257773903
cirrhotic4_cd45+_cirrhotic4_cd45+_GTGTGCGTCCAGTAGT-1,cirrhotic4_cd45+,cirrhotic4,cirrhotic,CD45_positive,other_or_unresolved,2513,954,2.865101472343812
cirrhotic4_cd45+_cirrhotic4_cd45+_TACCTTACATAAGACA-1,cirrhotic4_cd45+,cirrhotic4,cirrhotic,CD45_positive,other_or_unresolved,2205,793,2.9931972789115644
cirrhotic4_cd45+_cirrhotic4_cd45+_TACGGGCAGCTAAGAT-1,cirrhotic4_cd45+,cirrhotic4,cirrhotic,CD45_positive,macrophage_monocyte,2390,806,8.200836820083682
cirrhotic4_cd45+_cirrhotic4_cd45+_TCAGCAAAGACACGAC-1,cirrhotic4_cd45+,cirrhotic4,cirrhotic,CD45_positive,other_or_unresolved,4140,1280,2.8260869565217392
cirrhotic4_cd45+_cirrhotic4_cd45+_TCAGGTACAATAGAGT-1,cirrhotic4_cd45+,cirrhotic4,cirrhotic,CD45_positive,macrophage_monocyte,10179,2412,1.8174673347087138
cirrhotic4_cd45+_cirrhotic4_cd45+_TTGGAACTCACCGTAA-1,cirrhotic4_cd45+,cirrhotic4,cirrhotic,CD45_positive,macrophage_monocyte,6563,2025,3.824470516532074
cirrhotic5_cd45+_cirrhotic5_cd45+_AAGGAGCTCCCAACGG-1,cirrhotic5_cd45+,cirrhotic5,cirrhotic,CD45_positive,macrophage_monocyte,8309,2348,4.741846190877362
cirrhotic5_cd45+_cirrhotic5_cd45+_AAGTCTGTCCCAAGAT-1,cirrhotic5_cd45+,cirrhotic5,cirrhotic,CD45_positive,other_or_unresolved,5305,1538,2.9029217719132894
cirrhotic5_cd45+_cirrhotic5_cd45+_CACAAACCAGACTCGC-1,cirrhotic5_cd45+,cirrhotic5,cirrhotic,CD45_positive,other_or_unresolved,28684,3602,1.4677171942546368
cirrhotic5_cd45+_cirrhotic5_cd45+_CACATTTGTAGAGCTG-1,cirrhotic5_cd45+,cirrhotic5,cirrhotic,CD45_positive,other_or_unresolved,4882,1212,3.6460467021712413
cirrhotic5_cd45+_cirrhotic5_cd45+_CAGGTGCGTTCCAACA-1,cirrhotic5_cd45+,cirrhotic5,cirrhotic,CD45_positive,other_or_unresolved,4374,1375,3.5665294924554183
cirrhotic5_cd45+_cirrhotic5_cd45+_CCATTCGAGCATGGCA-1,cirrhotic5_cd45+,cirrhotic5,cirrhotic,CD45_positive,other_or_unresolved,4096,1145,2.490234375
cirrhotic5_cd45+_cirrhotic5_cd45+_CCTATTAGTCGACTGC-1,cirrhotic5_cd45+,cirrhotic5,cirrhotic,CD45_positive,macrophage_monocyte,10696,2746,2.384068810770381
cirrhotic5_cd45+_cirrhotic5_cd45+_CGATGGCCACACCGAC-1,cirrhotic5_cd45+,cirrhotic5,cirrhotic,CD45_positive,other_or_unresolved,5333,1721,5.119069941871366
cirrhotic5_cd45+_cirrhotic5_cd45+_CTCAGAACAAGCGATG-1,cirrhotic5_cd45+,cirrhotic5,cirrhotic,CD45_positive,other_or_unresolved,4229,1443,3.0976590210451644
cirrhotic5_cd45+_cirrhotic5_cd45+_CTGCCTACAGCCTATA-1,cirrhotic5_cd45+,cirrhotic5,cirrhotic,CD45_positive,macrophage_monocyte,7622,2250,2.7420624508003146
cirrhotic5_cd45+_cirrhotic5_cd45+_GCCAAATCAGGCGATA-1,cirrhotic5_cd45+,cirrhotic5,cirrhotic,CD45_positive,macrophage_monocyte,4733,1319,2.641031058525248
cirrhotic5_cd45+_cirrhotic5_cd45+_GCCTCTATCCGTTGCT-1,cirrhotic5_cd45+,cirrhotic5,cirrhotic,CD45_positive,macrophage_monocyte,11628,2763,3.8699690402476783
cirrhotic5_cd45+_cirrhotic5_cd45+_GGGCACTCAAACTGCT-1,cirrhotic5_cd45+,cirrhotic5,cirrhotic,CD45_positive,other_or_unresolved,4158,1423,3.2467532467532463
cirrhotic5_cd45+_cirrhotic5_cd45+_GTCATTTGTCTCACCT-1,cirrhotic5_cd45+,cirrhotic5,cirrhotic,CD45_positive,other_or_unresolved,5326,1638,3.8490424333458506
cirrhotic5_cd45+_cirrhotic5_cd45+_TCAATCTGTGCACGAA-1,cirrhotic5_cd45+,cirrhotic5,cirrhotic,CD45_positive,endothelial,4576,1808,1.507867132867133
cirrhotic5_cd45+_cirrhotic5_cd45+_TCACGAATCGGTGTCG-1,cirrhotic5_cd45+,cirrhotic5,cirrhotic,CD45_positive,other_or_unresolved,6027,1383,2.422432387589182
cirrhotic5_cd45+_cirrhotic5_cd45+_TCGCGTTTCGCGATCG-1,cirrhotic5_cd45+,cirrhotic5,cirrhotic,CD45_positive,other_or_unresolved,8975,2200,2.629526462395543
cirrhotic5_cd45+_cirrhotic5_cd45+_TCTGGAAAGCTCAACT-1,cirrhotic5_cd45+,cirrhotic5,cirrhotic,CD45_positive,macrophage_monocyte,4171,1249,3.4044593622632466
cirrhotic5_cd45+_cirrhotic5_cd45+_TGAGCATAGCGATAGC-1,cirrhotic5_cd45+,cirrhotic5,cirrhotic,CD45_positive,macrophage_monocyte,10523,2428,2.8508980328803575
cirrhotic5_cd45+_cirrhotic5_cd45+_TGCTACCCAAGGACAC-1,cirrhotic5_cd45+,cirrhotic5,cirrhotic,CD45_positive,macrophage_monocyte,5804,1540,4.669193659545141
healthy1_cd45-A_healthy1_cd45-A_ACTATCTAGAGATGAG-1,healthy1_cd45-A,healthy1,healthy,CD45_negative,endothelial,3871,1750,6.794110049082924
healthy1_cd45-A_healthy1_cd45-A_ATGGGAGGTGGCTCCA-1,healthy1_cd45-A,healthy1,healthy,CD45_negative,endothelial,2853,1356,2.8391167192429023
healthy1_cd45-A_healthy1_cd45-A_CTGAAGTCAGTTAACC-1,healthy1_cd45-A,healthy1,healthy,CD45_negative,endothelial,6639,2397,1.6116885073053173
healthy1_cd45-A_healthy1_cd45-A_CTTTGCGTCTGTGCAA-1,healthy1_cd45-A,healthy1,healthy,CD45_negative,macrophage_monocyte,20280,2078,1.4792899408284024
healthy1_cd45-A_healthy1_cd45-A_GAAGCAGCAATAGAGT-1,healthy1_cd45-A,healthy1,healthy,CD45_negative,endothelial,2912,1464,3.949175824175824
healthy1_cd45-A_healthy1_cd45-A_GCTGCAGGTAGCTAAA-1,healthy1_cd45-A,healthy1,healthy,CD45_negative,endothelial,5127,1708,3.7448800468110006
healthy1_cd45-A_healthy1_cd45-A_GGGAATGAGCAGGTCA-1,healthy1_cd45-A,healthy1,healthy,CD45_negative,endothelial,5787,2302,3.6979436668394676
healthy1_cd45-A_healthy1_cd45-A_GGTGAAGTCACCACCT-1,healthy1_cd45-A,healthy1,healthy,CD45_negative,mesenchymal_HSC_myofibroblast,8928,2826,3.6402329749103943
healthy1_cd45-A_healthy1_cd45-A_TCAATCTAGCGATGAC-1,healthy1_cd45-A,healthy1,healthy,CD45_negative,endothelial,2556,1184,2.8169014084507045
healthy1_cd45-A_healthy1_cd45-A_TCTGAGACAAGCGCTC-1,healthy1_cd45-A,healthy1,healthy,CD45_negative,endothelial,12440,3826,3.834405144694534
healthy1_cd45-A_healthy1_cd45-A_TCTGAGATCGGTGTCG-1,healthy1_cd45-A,healthy1,healthy,CD45_negative,endothelial,2889,1466,6.78435444790585
healthy1_cd45-B_healthy1_cd45-B_ACATCAGCAGGTGCCT-1,healthy1_cd45-B,healthy1,healthy,CD45_negative,mesenchymal_HSC_myofibroblast,7522,2704,5.663387396968892
healthy1_cd45-B_healthy1_cd45-B_AGTGGGACAGACGCCT-1,healthy1_cd45-B,healthy1,healthy,CD45_negative,mesenchymal_HSC_myofibroblast,5269,2010,5.788574682102865
healthy1_cd45-B_healthy1_cd45-B_ATCCGAACAAAGTCAA-1,healthy1_cd45-B,healthy1,healthy,CD45_negative,mesenchymal_HSC_myofibroblast,3924,1529,4.408766564729868
healthy1_cd45-B_healthy1_cd45-B_ATTACTCCATGTCGAT-1,healthy1_cd45-B,healthy1,healthy,CD45_negative,mesenchymal_HSC_myofibroblast,4667,1749,7.049496464538247
healthy1_cd45-B_healthy1_cd45-B_CCAGCGACAGTACACT-1,healthy1_cd45-B,healthy1,healthy,CD45_negative,mesenchymal_HSC_myofibroblast,962,559,12.266112266112266
healthy1_cd45-B_healthy1_cd45-B_GACGTTAGTTCGGGCT-1,healthy1_cd45-B,healthy1,healthy,CD45_negative,mesenchymal_HSC_myofibroblast,3837,1701,8.209538702111024
healthy1_cd45-B_healthy1_cd45-B_TAGCCGGGTGCAGGTA-1,healthy1_cd45-B,healthy1,healthy,CD45_negative,mesenchymal_HSC_myofibroblast,898,365,2.0044543429844097
healthy1_cd45-B_healthy1_cd45-B_TGTATTCAGGGATACC-1,healthy1_cd45-B,healthy1,healthy,CD45_negative,mesenchymal_HSC_myofibroblast,4202,1676,6.6396953831508805
healthy1_cd45+_healthy1_cd45+_AGCTTGATCTCTGTCG-1,healthy1_cd45+,healthy1,healthy,CD45_positive,other_or_unresolved,2925,1270,2.6324786324786325
healthy1_cd45+_healthy1_cd45+_CTCAGAAGTAGCTAAA-1,healthy1_cd45+,healthy1,healthy,CD45_positive,macrophage_monocyte,6577,2043,3.314581116010339
healthy1_cd45+_healthy1_cd45+_GCCAAATGTCATATGC-1,healthy1_cd45+,healthy1,healthy,CD45_positive,other_or_unresolved,3266,1326,2.020820575627679
healthy1_cd45+_healthy1_cd45+_GTTCGGGGTCTTTCAT-1,healthy1_cd45+,healthy1,healthy,CD45_positive,macrophage_monocyte,1063,542,10.72436500470367
healthy1_cd45+_healthy1_cd45+_TGAGCCGTCATGCAAC-1,healthy1_cd45+,healthy1,healthy,CD45_positive,other_or_unresolved,3919,1368,2.373054350599643
healthy1_cd45+_healthy1_cd45+_TGTGGTAAGCGTTTAC-1,healthy1_cd45+,healthy1,healthy,CD45_positive,other_or_unresolved,4694,1369,2.748189177673626
healthy2_cd45-_healthy2_cd45-_AAAGTAGGTTACGCGC-1,healthy2_cd45-,healthy2,healthy,CD45_negative,other_or_unresolved,975,544,3.6923076923076925
healthy2_cd45-_healthy2_cd45-_AACACGTTCGGATGGA-1,healthy2_cd45-,healthy2,healthy,CD45_negative,other_or_unresolved,984,540,3.556910569105691
healthy2_cd45-_healthy2_cd45-_AACCATGCATCATCCC-1,healthy2_cd45-,healthy2,healthy,CD45_negative,mesenchymal_HSC_myofibroblast,3186,1476,5.681104833647207
healthy2_cd45-_healthy2_cd45-_AACCGCGCACACCGCA-1,healthy2_cd45-,healthy2,healthy,CD45_negative,mesenchymal_HSC_myofibroblast,1143,603,2.3622047244094486
healthy2_cd45-_healthy2_cd45-_ACAGCTAGTTGTGGAG-1,healthy2_cd45-,healthy2,healthy,CD45_negative,mesenchymal_HSC_myofibroblast,1043,584,2.684563758389262
healthy2_cd45-_healthy2_cd45-_ACATACGCAACTGCGC-1,healthy2_cd45-,healthy2,healthy,CD45_negative,macrophage_monocyte,4600,1330,2.3043478260869565
healthy2_cd45-_healthy2_cd45-_ACCTTTACAATGCCAT-1,healthy2_cd45-,healthy2,healthy,CD45_negative,macrophage_monocyte,1295,608,4.247104247104247
healthy2_cd45-_healthy2_cd45-_ACGAGGAAGAGTCTGG-1,healthy2_cd45-,healthy2,healthy,CD45_negative,mesenchymal_HSC_myofibroblast,2701,1225,5.664568678267309
healthy2_cd45-_healthy2_cd45-_ACGATGTGTTGCGTTA-1,healthy2_cd45-,healthy2,healthy,CD45_negative,mesenchymal_HSC_myofibroblast,1824,957,3.179824561403509
healthy2_cd45-_healthy2_cd45-_AGCCTAAAGGGTATCG-1,healthy2_cd45-,healthy2,healthy,CD45_negative,macrophage_monocyte,1792,835,3.0691964285714284
healthy2_cd45-_healthy2_cd45-_AGCGGTCCAATCTGCA-1,healthy2_cd45-,healthy2,healthy,CD45_negative,other_or_unresolved,1395,731,4.301075268817205
healthy2_cd45-_healthy2_cd45-_ATTATCCTCTCGGACG-1,healthy2_cd45-,healthy2,healthy,CD45_negative,other_or_unresolved,1086,582,2.3020257826887662
healthy2_cd45-_healthy2_cd45-_CAGCTGGCAAGCGATG-1,healthy2_cd45-,healthy2,healthy,CD45_negative,macrophage_monocyte,753,490,5.046480743691899
healthy2_cd45-_healthy2_cd45-_CATCGGGAGATGTAAC-1,healthy2_cd45-,healthy2,healthy,CD45_negative,macrophage_monocyte,2190,1154,3.4246575342465753
healthy2_cd45-_healthy2_cd45-_CCGTGGAAGGCATGGT-1,healthy2_cd45-,healthy2,healthy,CD45_negative,mesenchymal_HSC_myofibroblast,1700,843,4.352941176470588
healthy2_cd45-_healthy2_cd45-_CCTTTCTGTAACGTTC-1,healthy2_cd45-,healthy2,healthy,CD45_negative,mesenchymal_HSC_myofibroblast,1103,679,1.813236627379873
healthy2_cd45-_healthy2_cd45-_CGAGCCATCAAGGCTT-1,healthy2_cd45-,healthy2,healthy,CD45_negative,other_or_unresolved,1578,833,2.2813688212927756
healthy2_cd45-_healthy2_cd45-_CGATGTATCACAACGT-1,healthy2_cd45-,healthy2,healthy,CD45_negative,mesenchymal_HSC_myofibroblast,771,443,9.46822308690013
healthy2_cd45-_healthy2_cd45-_CGGACGTGTGACTCAT-1,healthy2_cd45-,healthy2,healthy,CD45_negative,mesenchymal_HSC_myofibroblast,1734,861,3.748558246828143
healthy2_cd45-_healthy2_cd45-_CGGCTAGTCTCCGGTT-1,healthy2_cd45-,healthy2,healthy,CD45_negative,mesenchymal_HSC_myofibroblast,1588,736,2.3299748110831233
healthy2_cd45-_healthy2_cd45-_CGTTCTGGTAAGTAGT-1,healthy2_cd45-,healthy2,healthy,CD45_negative,mesenchymal_HSC_myofibroblast,5280,1995,4.356060606060606
healthy2_cd45-_healthy2_cd45-_CTGAAACAGGCCCGTT-1,healthy2_cd45-,healthy2,healthy,CD45_negative,mesenchymal_HSC_myofibroblast,1963,991,2.6490066225165565
healthy2_cd45-_healthy2_cd45-_CTGCCTACATCCAACA-1,healthy2_cd45-,healthy2,healthy,CD45_negative,endothelial,2246,1193,3.7845057880676762
healthy2_cd45-_healthy2_cd45-_CTTGGCTGTGTGAATA-1,healthy2_cd45-,healthy2,healthy,CD45_negative,mesenchymal_HSC_myofibroblast,1093,656,5.215004574565416
healthy2_cd45-_healthy2_cd45-_GAACCTATCTGCAGTA-1,healthy2_cd45-,healthy2,healthy,CD45_negative,mesenchymal_HSC_myofibroblast,2816,1263,6.25
healthy2_cd45-_healthy2_cd45-_GAATAAGCATGTCCTC-1,healthy2_cd45-,healthy2,healthy,CD45_negative,mesenchymal_HSC_myofibroblast,1787,946,2.9099048684946838
healthy2_cd45-_healthy2_cd45-_GAATGAAGTCTAGCCG-1,healthy2_cd45-,healthy2,healthy,CD45_negative,mesenchymal_HSC_myofibroblast,2504,1148,3.1948881789137378
healthy2_cd45-_healthy2_cd45-_GACCTGGCAGCTGCAC-1,healthy2_cd45-,healthy2,healthy,CD45_negative,mesenchymal_HSC_myofibroblast,1144,642,4.807692307692308
healthy2_cd45-_healthy2_cd45-_GACGTTATCCACTCCA-1,healthy2_cd45-,healthy2,healthy,CD45_negative,mesenchymal_HSC_myofibroblast,2341,1048,3.8445108927808627
healthy2_cd45-_healthy2_cd45-_GCATGCGTCCTATGTT-1,healthy2_cd45-,healthy2,healthy,CD45_negative,other_or_unresolved,691,408,3.61794500723589
healthy2_cd45-_healthy2_cd45-_GCGGGTTAGAACAATC-1,healthy2_cd45-,healthy2,healthy,CD45_negative,mesenchymal_HSC_myofibroblast,2183,1005,4.901511681172698
healthy2_cd45-_healthy2_cd45-_GCGGGTTCAGTTCATG-1,healthy2_cd45-,healthy2,healthy,CD45_negative,mesenchymal_HSC_myofibroblast,1640,777,3.4756097560975614
healthy2_cd45-_healthy2_cd45-_GGGATGAAGTGAAGAG-1,healthy2_cd45-,healthy2,healthy,CD45_negative,mesenchymal_HSC_myofibroblast,832,508,6.490384615384616
healthy2_cd45-_healthy2_cd45-_GGGTCTGAGGTTACCT-1,healthy2_cd45-,healthy2,healthy,CD45_negative,mesenchymal_HSC_myofibroblast,2125,996,4.564705882352941
healthy2_cd45-_healthy2_cd45-_GTGCTTCAGGTAGCTG-1,healthy2_cd45-,healthy2,healthy,CD45_negative,other_or_unresolved,1112,578,4.496402877697841
healthy2_cd45-_healthy2_cd45-_GTTAAGCCACATAACC-1,healthy2_cd45-,healthy2,healthy,CD45_negative,other_or_unresolved,1182,543,2.030456852791878
healthy2_cd45-_healthy2_cd45-_TACCTTAAGGGTATCG-1,healthy2_cd45-,healthy2,healthy,CD45_negative,mesenchymal_HSC_myofibroblast,1453,774,3.716448726772195
healthy2_cd45-_healthy2_cd45-_TCAACGAGTCAAGCGA-1,healthy2_cd45-,healthy2,healthy,CD45_negative,macrophage_monocyte,1046,632,1.0516252390057361
healthy2_cd45-_healthy2_cd45-_TCATTACTCGGCTTGG-1,healthy2_cd45-,healthy2,healthy,CD45_negative,macrophage_monocyte,11227,3766,4.3110358956088
healthy2_cd45-_healthy2_cd45-_TCCACACGTCCGAAGA-1,healthy2_cd45-,healthy2,healthy,CD45_negative,mesenchymal_HSC_myofibroblast,1219,694,3.5274815422477444
healthy2_cd45-_healthy2_cd45-_TCCACACTCCGGGTGT-1,healthy2_cd45-,healthy2,healthy,CD45_negative,mesenchymal_HSC_myofibroblast,2675,1220,4.373831775700935
healthy2_cd45-_healthy2_cd45-_TCGGGACAGTGTCTCA-1,healthy2_cd45-,healthy2,healthy,CD45_negative,mesenchymal_HSC_myofibroblast,1083,633,1.8467220683287167
healthy2_cd45-_healthy2_cd45-_TCGGGACTCACTTCAT-1,healthy2_cd45-,healthy2,healthy,CD45_negative,other_or_unresolved,1001,580,3.5964035964035967
healthy2_cd45-_healthy2_cd45-_TCTTCGGAGCCGGTAA-1,healthy2_cd45-,healthy2,healthy,CD45_negative,macrophage_monocyte,1382,669,3.256150506512301
healthy2_cd45-_healthy2_cd45-_TGACAACAGGCCCTCA-1,healthy2_cd45-,healthy2,healthy,CD45_negative,mesenchymal_HSC_myofibroblast,2640,1058,3.106060606060606
healthy2_cd45-_healthy2_cd45-_TGACGGCAGACAGGCT-1,healthy2_cd45-,healthy2,healthy,CD45_negative,other_or_unresolved,676,424,3.698224852071006
healthy2_cd45-_healthy2_cd45-_TGAGCCGTCATCGCTC-1,healthy2_cd45-,healthy2,healthy,CD45_negative,macrophage_monocyte,2888,1364,5.990304709141274
healthy2_cd45-_healthy2_cd45-_TGCGTGGCAGTCGATT-1,healthy2_cd45-,healthy2,healthy,CD45_negative,mesenchymal_HSC_myofibroblast,1211,694,4.376548307184145
healthy2_cd45-_healthy2_cd45-_TGGGCGTAGCCAACAG-1,healthy2_cd45-,healthy2,healthy,CD45_negative,mesenchymal_HSC_myofibroblast,977,553,3.480040941658137
healthy2_cd45-_healthy2_cd45-_TGGTTAGAGATGGGTC-1,healthy2_cd45-,healthy2,healthy,CD45_negative,mesenchymal_HSC_myofibroblast,1496,809,3.6096256684491976
healthy2_cd45-_healthy2_cd45-_TGTTCCGCACGTTGGC-1,healthy2_cd45-,healthy2,healthy,CD45_negative,macrophage_monocyte,765,386,5.751633986928105
healthy2_cd45-_healthy2_cd45-_TTGGCAATCAGGCCCA-1,healthy2_cd45-,healthy2,healthy,CD45_negative,mesenchymal_HSC_myofibroblast,1669,1004,4.433792690233672
healthy2_cd45-_healthy2_cd45-_TTTACTGAGCTCCCAG-1,healthy2_cd45-,healthy2,healthy,CD45_negative,mesenchymal_HSC_myofibroblast,1894,943,1.9007391763463568
healthy2_cd45+_healthy2_cd45+_AAACCTGTCTTACCGC-1,healthy2_cd45+,healthy2,healthy,CD45_positive,other_or_unresolved,1042,576,2.111324376199616
healthy2_cd45+_healthy2_cd45+_AACTTTCTCCAGATCA-1,healthy2_cd45+,healthy2,healthy,CD45_positive,other_or_unresolved,1076,553,2.323420074349442
healthy2_cd45+_healthy2_cd45+_ACACCCTGTATGGTTC-1,healthy2_cd45+,healthy2,healthy,CD45_positive,endothelial,927,553,3.559870550161812
healthy2_cd45+_healthy2_cd45+_ACCCACTCAGGATCGA-1,healthy2_cd45+,healthy2,healthy,CD45_positive,other_or_unresolved,1000,467,1.2
healthy2_cd45+_healthy2_cd45+_AGCAGCCCAGTCTTCC-1,healthy2_cd45+,healthy2,healthy,CD45_positive,other_or_unresolved,1314,609,2.89193302891933
healthy2_cd45+_healthy2_cd45+_AGGGAGTGTACCTACA-1,healthy2_cd45+,healthy2,healthy,CD45_positive,other_or_unresolved,957,540,2.7168234064785786
healthy2_cd45+_healthy2_cd45+_ATGCGATGTCGAAAGC-1,healthy2_cd45+,healthy2,healthy,CD45_positive,other_or_unresolved,1104,521,1.4492753623188406
healthy2_cd45+_healthy2_cd45+_CAGCCGAGTCCAGTGC-1,healthy2_cd45+,healthy2,healthy,CD45_positive,other_or_unresolved,2134,759,1.4058106841611997
healthy2_cd45+_healthy2_cd45+_CATCAGAGTAAGGGCT-1,healthy2_cd45+,healthy2,healthy,CD45_positive,other_or_unresolved,1147,617,2.2667829119442024
healthy2_cd45+_healthy2_cd45+_CGAGAAGAGGAGTTGC-1,healthy2_cd45+,healthy2,healthy,CD45_positive,other_or_unresolved,776,393,1.9329896907216495
healthy2_cd45+_healthy2_cd45+_CGTGTAAGTATTCGTG-1,healthy2_cd45+,healthy2,healthy,CD45_positive,macrophage_monocyte,2789,998,2.47400501972033
healthy2_cd45+_healthy2_cd45+_CTAGCCTGTATGAATG-1,healthy2_cd45+,healthy2,healthy,CD45_positive,macrophage_monocyte,3507,1289,2.737382378100941
healthy2_cd45+_healthy2_cd45+_CTCGGGACAAGCTGGA-1,healthy2_cd45+,healthy2,healthy,CD45_positive,endothelial,1416,645,3.7429378531073447
healthy2_cd45+_healthy2_cd45+_CTTCTCTTCACTTATC-1,healthy2_cd45+,healthy2,healthy,CD45_positive,macrophage_monocyte,2052,725,1.5594541910331383
healthy2_cd45+_healthy2_cd45+_GATGAGGGTGAGCGAT-1,healthy2_cd45+,healthy2,healthy,CD45_positive,other_or_unresolved,1302,571,1.8433179723502304
healthy2_cd45+_healthy2_cd45+_GATGAGGGTGTTCGAT-1,healthy2_cd45+,healthy2,healthy,CD45_positive,other_or_unresolved,965,548,2.2797927461139897
healthy2_cd45+_healthy2_cd45+_GCGCCAAAGGAGTTGC-1,healthy2_cd45+,healthy2,healthy,CD45_positive,other_or_unresolved,925,490,2.5945945945945943
healthy2_cd45+_healthy2_cd45+_GCTCCTACAATCCAAC-1,healthy2_cd45+,healthy2,healthy,CD45_positive,other_or_unresolved,1053,525,1.8043684710351375
healthy2_cd45+_healthy2_cd45+_GCTGGGTCAAGTTAAG-1,healthy2_cd45+,healthy2,healthy,CD45_positive,other_or_unresolved,2273,898,2.9476462824461063
healthy2_cd45+_healthy2_cd45+_GGCTGGTTCGTATCAG-1,healthy2_cd45+,healthy2,healthy,CD45_positive,other_or_unresolved,1097,597,2.2789425706472195
healthy2_cd45+_healthy2_cd45+_TAAGAGACATAACCTG-1,healthy2_cd45+,healthy2,healthy,CD45_positive,macrophage_monocyte,4009,1427,2.8934896482913444
healthy2_cd45+_healthy2_cd45+_TACACGAGTATAAACG-1,healthy2_cd45+,healthy2,healthy,CD45_positive,macrophage_monocyte,1711,667,1.7533606078316772
healthy2_cd45+_healthy2_cd45+_TAGCCGGCAGGAACGT-1,healthy2_cd45+,healthy2,healthy,CD45_positive,other_or_unresolved,883,533,1.4722536806342015
healthy2_cd45+_healthy2_cd45+_TATTACCGTTGCTCCT-1,healthy2_cd45+,healthy2,healthy,CD45_positive,macrophage_monocyte,5023,1544,2.3890105514632687
healthy2_cd45+_healthy2_cd45+_TCATTACCACCCATGG-1,healthy2_cd45+,healthy2,healthy,CD45_positive,other_or_unresolved,1051,478,1.0466222645099905
healthy2_cd45+_healthy2_cd45+_TCGCGAGCACCATCCT-1,healthy2_cd45+,healthy2,healthy,CD45_positive,other_or_unresolved,1469,696,2.382573179033356
healthy2_cd45+_healthy2_cd45+_TCTCATAGTACCATCA-1,healthy2_cd45+,healthy2,healthy,CD45_positive,endothelial,2171,1137,2.1188392445877473
healthy2_cd45+_healthy2_cd45+_TCTTCGGAGACAATAC-1,healthy2_cd45+,healthy2,healthy,CD45_positive,other_or_unresolved,825,453,1.575757575757576
healthy2_cd45+_healthy2_cd45+_TCTTCGGGTTATGTGC-1,healthy2_cd45+,healthy2,healthy,CD45_positive,mesenchymal_HSC_myofibroblast,778,384,1.5424164524421593
healthy2_cd45+_healthy2_cd45+_TGACAACGTCGACTAT-1,healthy2_cd45+,healthy2,healthy,CD45_positive,macrophage_monocyte,3633,1466,2.119460500963391
healthy3_cd45-A_healthy3_cd45-A_AAGGCAGTCTTTACGT-1,healthy3_cd45-A,healthy3,healthy,CD45_negative,endothelial,5536,2142,5.906791907514451
healthy3_cd45-A_healthy3_cd45-A_AAGGTTCGTTCCCTTG-1,healthy3_cd45-A,healthy3,healthy,CD45_negative,endothelial,7028,2441,2.546955036994878
healthy3_cd45-A_healthy3_cd45-A_AAGTCTGAGCTCTCGG-1,healthy3_cd45-A,healthy3,healthy,CD45_negative,endothelial,5833,2157,3.0858906223212754
healthy3_cd45-A_healthy3_cd45-A_ACCAGTAAGGAGTTGC-1,healthy3_cd45-A,healthy3,healthy,CD45_negative,macrophage_monocyte,5926,2062,3.20620992237597
healthy3_cd45-A_healthy3_cd45-A_ACCTTTAGTACATCCA-1,healthy3_cd45-A,healthy3,healthy,CD45_negative,endothelial,2955,1380,5.956006768189509
healthy3_cd45-A_healthy3_cd45-A_ACTTACTTCCGTAGTA-1,healthy3_cd45-A,healthy3,healthy,CD45_negative,endothelial,5967,2196,4.508128037539802
healthy3_cd45-A_healthy3_cd45-A_AGATTGCTCCGTCAAA-1,healthy3_cd45-A,healthy3,healthy,CD45_negative,endothelial,5251,1954,3.0089506760617026
healthy3_cd45-A_healthy3_cd45-A_AGCCTAAGTTTAGCTG-1,healthy3_cd45-A,healthy3,healthy,CD45_negative,endothelial,3126,1245,2.6871401151631478
healthy3_cd45-A_healthy3_cd45-A_AGTAGTCCAGACTCGC-1,healthy3_cd45-A,healthy3,healthy,CD45_negative,endothelial,3313,1467,5.070932689405373
healthy3_cd45-A_healthy3_cd45-A_ATAGACCGTCTAAAGA-1,healthy3_cd45-A,healthy3,healthy,CD45_negative,macrophage_monocyte,6108,2042,2.97969875573019
healthy3_cd45-A_healthy3_cd45-A_CACAGTATCAACGCTA-1,healthy3_cd45-A,healthy3,healthy,CD45_negative,mesenchymal_HSC_myofibroblast,5241,1642,7.1551230681167715
healthy3_cd45-A_healthy3_cd45-A_CATTATCCACTCGACG-1,healthy3_cd45-A,healthy3,healthy,CD45_negative,endothelial,3379,1508,8.878366380585973
healthy3_cd45-A_healthy3_cd45-A_CCATGTCAGGGTCGAT-1,healthy3_cd45-A,healthy3,healthy,CD45_negative,endothelial,7054,2609,4.706549475474907
healthy3_cd45-A_healthy3_cd45-A_CCATGTCTCTTGTACT-1,healthy3_cd45-A,healthy3,healthy,CD45_negative,endothelial,5830,2136,2.5385934819897082
healthy3_cd45-A_healthy3_cd45-A_CCGTTCACAGGCTCAC-1,healthy3_cd45-A,healthy3,healthy,CD45_negative,endothelial,6155,2238,4.484159220146223
healthy3_cd45-A_healthy3_cd45-A_CCTAAAGCACTAAGTC-1,healthy3_cd45-A,healthy3,healthy,CD45_negative,endothelial,6118,2302,10.362863680941484
healthy3_cd45-A_healthy3_cd45-A_CGCTTCAAGGTTACCT-1,healthy3_cd45-A,healthy3,healthy,CD45_negative,endothelial,11143,3449,3.9127703490980887
healthy3_cd45-A_healthy3_cd45-A_CGGCTAGAGTTGAGTA-1,healthy3_cd45-A,healthy3,healthy,CD45_negative,endothelial,6167,2276,2.8538997892005837
healthy3_cd45-A_healthy3_cd45-A_GACTACACATGGATGG-1,healthy3_cd45-A,healthy3,healthy,CD45_negative,endothelial,4089,1802,4.622157006603081
healthy3_cd45-A_healthy3_cd45-A_GATCTAGGTGTTAAGA-1,healthy3_cd45-A,healthy3,healthy,CD45_negative,endothelial,2503,1187,7.830603276068718
healthy3_cd45-A_healthy3_cd45-A_GATGAGGAGTATCTCG-1,healthy3_cd45-A,healthy3,healthy,CD45_negative,mesenchymal_HSC_myofibroblast,4785,1358,2.946708463949843
healthy3_cd45-A_healthy3_cd45-A_GCATACACAGTATAAG-1,healthy3_cd45-A,healthy3,healthy,CD45_negative,mesenchymal_HSC_myofibroblast,5059,1649,4.744020557422416
healthy3_cd45-A_healthy3_cd45-A_GCCTCTACAGGGCATA-1,healthy3_cd45-A,healthy3,healthy,CD45_negative,endothelial,7695,2346,3.3658219623131904
healthy3_cd45-A_healthy3_cd45-A_GGAATAAGTCACACGC-1,healthy3_cd45-A,healthy3,healthy,CD45_negative,endothelial,7540,2585,5.026525198938992
healthy3_cd45-A_healthy3_cd45-A_GTAACGTGTACTCTCC-1,healthy3_cd45-A,healthy3,healthy,CD45_negative,other_or_unresolved,3492,1424,3.2073310423825885
healthy3_cd45-A_healthy3_cd45-A_GTAACGTTCTTCGAGA-1,healthy3_cd45-A,healthy3,healthy,CD45_negative,endothelial,7258,2348,4.174703775144668
healthy3_cd45-A_healthy3_cd45-A_GTGCTTCTCTTGTCAT-1,healthy3_cd45-A,healthy3,healthy,CD45_negative,endothelial,3450,1537,3.768115942028986
healthy3_cd45-A_healthy3_cd45-A_GTTACAGAGTCCAGGA-1,healthy3_cd45-A,healthy3,healthy,CD45_negative,endothelial,4583,1806,5.084006109535239
healthy3_cd45-A_healthy3_cd45-A_GTTTCTAAGAGACTAT-1,healthy3_cd45-A,healthy3,healthy,CD45_negative,mesenchymal_HSC_myofibroblast,3788,1578,3.66948257655755
healthy3_cd45-A_healthy3_cd45-A_TAGACCAAGGCGACAT-1,healthy3_cd45-A,healthy3,healthy,CD45_negative,mesenchymal_HSC_myofibroblast,7091,2279,3.497391059088986
healthy3_cd45-A_healthy3_cd45-A_TATCTCAAGTCGATAA-1,healthy3_cd45-A,healthy3,healthy,CD45_negative,endothelial,3880,1765,3.608247422680412
healthy3_cd45-A_healthy3_cd45-A_TATCTCACAAGCCATT-1,healthy3_cd45-A,healthy3,healthy,CD45_negative,macrophage_monocyte,8516,2141,5.3546265852512915
healthy3_cd45-A_healthy3_cd45-A_TCAACGATCTGATTCT-1,healthy3_cd45-A,healthy3,healthy,CD45_negative,endothelial,7203,2351,2.9709843120921837
healthy3_cd45-A_healthy3_cd45-A_TCCACACTCGTGACAT-1,healthy3_cd45-A,healthy3,healthy,CD45_negative,endothelial,4167,1897,1.4878809695224382
healthy3_cd45-A_healthy3_cd45-A_TCCCGATTCCTTGCCA-1,healthy3_cd45-A,healthy3,healthy,CD45_negative,endothelial,10612,3152,2.7421786656615152
healthy3_cd45-A_healthy3_cd45-A_TGCCAAAAGACCACGA-1,healthy3_cd45-A,healthy3,healthy,CD45_negative,endothelial,3602,1608,3.997779011660189
healthy3_cd45-A_healthy3_cd45-A_TGGTTAGGTACATCCA-1,healthy3_cd45-A,healthy3,healthy,CD45_negative,endothelial,3177,1442,4.9732451998740945
healthy3_cd45-A_healthy3_cd45-A_TGTCCCAGTGCAGACA-1,healthy3_cd45-A,healthy3,healthy,CD45_negative,macrophage_monocyte,3178,1267,2.9893014474512274
healthy3_cd45-A_healthy3_cd45-A_TTAGTTCTCCTAGGGC-1,healthy3_cd45-A,healthy3,healthy,CD45_negative,macrophage_monocyte,3622,1109,3.7272225289895085
healthy3_cd45-A_healthy3_cd45-A_TTATGCTCACGGTAAG-1,healthy3_cd45-A,healthy3,healthy,CD45_negative,endothelial,5574,1996,2.4040186580552567
healthy3_cd45-A_healthy3_cd45-A_TTCTCAACATGAACCT-1,healthy3_cd45-A,healthy3,healthy,CD45_negative,endothelial,7042,2468,3.2661175802328883
healthy3_cd45-B_healthy3_cd45-B_AAACCTGTCAGGCAAG-1,healthy3_cd45-B,healthy3,healthy,CD45_negative,mesenchymal_HSC_myofibroblast,4157,1769,3.536203993264373
healthy3_cd45-B_healthy3_cd45-B_ACATACGCAAGACGTG-1,healthy3_cd45-B,healthy3,healthy,CD45_negative,mesenchymal_HSC_myofibroblast,5929,2012,3.7611738910440207
healthy3_cd45-B_healthy3_cd45-B_AGGTCATCACCGATAT-1,healthy3_cd45-B,healthy3,healthy,CD45_negative,macrophage_monocyte,3572,1406,4.787234042553192
healthy3_cd45-B_healthy3_cd45-B_ATGCGATCATCCCACT-1,healthy3_cd45-B,healthy3,healthy,CD45_negative,endothelial,3715,1521,6.783310901749664
healthy3_cd45-B_healthy3_cd45-B_CAGATCATCACTATTC-1,healthy3_cd45-B,healthy3,healthy,CD45_negative,mesenchymal_HSC_myofibroblast,5822,2003,8.536585365853659
healthy3_cd45-B_healthy3_cd45-B_CGCTATCGTTACAGAA-1,healthy3_cd45-B,healthy3,healthy,CD45_negative,mesenchymal_HSC_myofibroblast,3725,1369,4.939597315436242
healthy3_cd45-B_healthy3_cd45-B_GATTCAGAGTCAAGCG-1,healthy3_cd45-B,healthy3,healthy,CD45_negative,mesenchymal_HSC_myofibroblast,6125,2018,6.43265306122449
healthy3_cd45-B_healthy3_cd45-B_GCTTCCACACAGGCCT-1,healthy3_cd45-B,healthy3,healthy,CD45_negative,other_or_unresolved,3538,1258,3.730921424533635
healthy3_cd45-B_healthy3_cd45-B_GGAAAGCCAAAGCGGT-1,healthy3_cd45-B,healthy3,healthy,CD45_negative,mesenchymal_HSC_myofibroblast,4988,1744,7.55813953488372
healthy3_cd45-B_healthy3_cd45-B_GGATTACCATCCAACA-1,healthy3_cd45-B,healthy3,healthy,CD45_negative,mesenchymal_HSC_myofibroblast,6515,2304,5.663852647735994
healthy3_cd45-B_healthy3_cd45-B_GGGCACTTCGGTGTTA-1,healthy3_cd45-B,healthy3,healthy,CD45_negative,mesenchymal_HSC_myofibroblast,4831,1829,6.3961912647484995
healthy3_cd45-B_healthy3_cd45-B_GGTGTTACAGCCTATA-1,healthy3_cd45-B,healthy3,healthy,CD45_negative,mesenchymal_HSC_myofibroblast,7026,2314,4.454881867349844
healthy3_cd45-B_healthy3_cd45-B_TAAACCGCAAAGTGCG-1,healthy3_cd45-B,healthy3,healthy,CD45_negative,other_or_unresolved,4504,1340,2.797513321492007
healthy3_cd45-B_healthy3_cd45-B_TGAGCCGTCGAGAACG-1,healthy3_cd45-B,healthy3,healthy,CD45_negative,endothelial,4701,1737,3.0844501169963836
healthy3_cd45-B_healthy3_cd45-B_TGCGGGTGTCAATACC-1,healthy3_cd45-B,healthy3,healthy,CD45_negative,mesenchymal_HSC_myofibroblast,9474,2422,6.744775174160861
healthy3_cd45-B_healthy3_cd45-B_TGTGTTTCATCTATGG-1,healthy3_cd45-B,healthy3,healthy,CD45_negative,macrophage_monocyte,5943,1756,3.0792529025744573
healthy3_cd45-B_healthy3_cd45-B_TTCTCAAAGTTTAGGA-1,healthy3_cd45-B,healthy3,healthy,CD45_negative,mesenchymal_HSC_myofibroblast,5591,1932,8.925058129136112
healthy3_cd45-B_healthy3_cd45-B_TTGACTTTCAGTTTGG-1,healthy3_cd45-B,healthy3,healthy,CD45_negative,mesenchymal_HSC_myofibroblast,5168,1794,12.712848297213622
healthy3_cd45+_healthy3_cd45+_AACTGGTGTCGCCATG-1,healthy3_cd45+,healthy3,healthy,CD45_positive,other_or_unresolved,5850,1340,4.632478632478632
healthy3_cd45+_healthy3_cd45+_AGCTCTCAGATATACG-1,healthy3_cd45+,healthy3,healthy,CD45_positive,macrophage_monocyte,2984,1141,4.993297587131367
healthy3_cd45+_healthy3_cd45+_CATGGCGAGCGATCCC-1,healthy3_cd45+,healthy3,healthy,CD45_positive,endothelial,4384,1198,5.041058394160584
healthy3_cd45+_healthy3_cd45+_CGCCAAGGTCTAGTGT-1,healthy3_cd45+,healthy3,healthy,CD45_positive,macrophage_monocyte,3698,1244,5.029745808545159
healthy3_cd45+_healthy3_cd45+_CTTAACTAGGCAAAGA-1,healthy3_cd45+,healthy3,healthy,CD45_positive,macrophage_monocyte,3269,1321,3.7014377485469563
healthy3_cd45+_healthy3_cd45+_GAAGCAGCAGTACACT-1,healthy3_cd45+,healthy3,healthy,CD45_positive,other_or_unresolved,5263,1489,3.6101083032490973
healthy3_cd45+_healthy3_cd45+_GAGTCCGAGTTATCGC-1,healthy3_cd45+,healthy3,healthy,CD45_positive,other_or_unresolved,3016,1139,4.675066312997347
healthy3_cd45+_healthy3_cd45+_GCTCTGTAGGCCCGTT-1,healthy3_cd45+,healthy3,healthy,CD45_positive,other_or_unresolved,4861,1338,4.5669615305492695
healthy3_cd45+_healthy3_cd45+_TATTACCTCTGGAGCC-1,healthy3_cd45+,healthy3,healthy,CD45_positive,other_or_unresolved,2617,1111,3.515475735575086
healthy3_cd45+_healthy3_cd45+_TCGTAGAAGACCTAGG-1,healthy3_cd45+,healthy3,healthy,CD45_positive,endothelial,6784,1849,2.329009433962264
healthy3_cd45+_healthy3_cd45+_TGCGGGTCAAACGCGA-1,healthy3_cd45+,healthy3,healthy,CD45_positive,other_or_unresolved,4061,1201,2.9795616843142083
healthy3_cd45+_healthy3_cd45+_TGGTTCCCATGTCTCC-1,healthy3_cd45+,healthy3,healthy,CD45_positive,macrophage_monocyte,5305,1681,3.298774740810556
healthy3_cd45+_healthy3_cd45+_TTATGCTTCCAGAAGG-1,healthy3_cd45+,healthy3,healthy,CD45_positive,macrophage_monocyte,3739,1373,3.744316662209147
healthy4_cd45-_healthy4_cd45-_AACACGTTCCCGACTT-1,healthy4_cd45-,healthy4,healthy,CD45_negative,macrophage_monocyte,6513,1588,3.807769077230155
healthy4_cd45-_healthy4_cd45-_AGTGTCATCAGGCGAA-1,healthy4_cd45-,healthy4,healthy,CD45_negative,macrophage_monocyte,22002,4238,2.967912007999273
healthy4_cd45-_healthy4_cd45-_ATTGGACCAATCGAAA-1,healthy4_cd45-,healthy4,healthy,CD45_negative,endothelial,6425,2517,2.692607003891051
healthy4_cd45-_healthy4_cd45-_ATTGGACTCTCAACTT-1,healthy4_cd45-,healthy4,healthy,CD45_negative,macrophage_monocyte,17868,3595,4.102305798074771
healthy4_cd45-_healthy4_cd45-_CCATTCGTCAGTACGT-1,healthy4_cd45-,healthy4,healthy,CD45_negative,endothelial,3780,1409,5.211640211640212
healthy4_cd45-_healthy4_cd45-_CTACACCTCAAGGTAA-1,healthy4_cd45-,healthy4,healthy,CD45_negative,macrophage_monocyte,3936,1491,3.9380081300813012
healthy4_cd45-_healthy4_cd45-_CTAGTGATCGCCAGCA-1,healthy4_cd45-,healthy4,healthy,CD45_negative,other_or_unresolved,3233,1294,3.4952056913083824
healthy4_cd45-_healthy4_cd45-_GATGAGGAGTTCGCAT-1,healthy4_cd45-,healthy4,healthy,CD45_negative,macrophage_monocyte,8924,2316,6.185567010309279
healthy4_cd45-_healthy4_cd45-_GCACTCTAGATCTGCT-1,healthy4_cd45-,healthy4,healthy,CD45_negative,macrophage_monocyte,9536,2386,2.4538590604026846
healthy4_cd45-_healthy4_cd45-_GCATGATGTTACGACT-1,healthy4_cd45-,healthy4,healthy,CD45_negative,endothelial,9773,3085,2.5580681469354345
healthy4_cd45-_healthy4_cd45-_GCGCAGTTCCACGTGG-1,healthy4_cd45-,healthy4,healthy,CD45_negative,macrophage_monocyte,4286,1329,4.2930471301913204
healthy4_cd45-_healthy4_cd45-_GTAACTGTCGTCTGCT-1,healthy4_cd45-,healthy4,healthy,CD45_negative,endothelial,6854,2439,2.4657134519988326
healthy4_cd45-_healthy4_cd45-_GTCCTCACATCGGGTC-1,healthy4_cd45-,healthy4,healthy,CD45_negative,macrophage_monocyte,9963,2426,3.663555154070059
healthy4_cd45-_healthy4_cd45-_TATGCCCAGCATCATC-1,healthy4_cd45-,healthy4,healthy,CD45_negative,endothelial,6316,2505,3.70487650411653
healthy4_cd45-_healthy4_cd45-_TCTCTAATCCTCAACC-1,healthy4_cd45-,healthy4,healthy,CD45_negative,endothelial,13016,3791,2.2971727105101416
healthy4_cd45-_healthy4_cd45-_TGAGCCGGTAAATACG-1,healthy4_cd45-,healthy4,healthy,CD45_negative,macrophage_monocyte,11694,2721,4.8999486916367365
healthy4_cd45-_healthy4_cd45-_TGCCAAAGTCTAGCCG-1,healthy4_cd45-,healthy4,healthy,CD45_negative,macrophage_monocyte,10508,2499,4.225352112676056
healthy4_cd45-_healthy4_cd45-_TGTGTTTCAAACGTGG-1,healthy4_cd45-,healthy4,healthy,CD45_negative,endothelial,4928,2035,4.545454545454546
healthy4_cd45+_healthy4_cd45+_ACACCAATCGTGTAGT-1,healthy4_cd45+,healthy4,healthy,CD45_positive,macrophage_monocyte,4009,1322,3.0182090296832125
healthy4_cd45+_healthy4_cd45+_ACCAGTACATCGTCGG-1,healthy4_cd45+,healthy4,healthy,CD45_positive,macrophage_monocyte,3298,1106,2.6379624014554275
healthy4_cd45+_healthy4_cd45+_ACGATGTTCACCGGGT-1,healthy4_cd45+,healthy4,healthy,CD45_positive,other_or_unresolved,4522,1107,3.7815126050420167
healthy4_cd45+_healthy4_cd45+_AGTCTTTTCCCAAGAT-1,healthy4_cd45+,healthy4,healthy,CD45_positive,endothelial,1802,868,6.60377358490566
healthy4_cd45+_healthy4_cd45+_ATAGACCGTAGAAAGG-1,healthy4_cd45+,healthy4,healthy,CD45_positive,macrophage_monocyte,3713,1245,5.305682736331807
healthy4_cd45+_healthy4_cd45+_ATCGAGTGTCCAGTAT-1,healthy4_cd45+,healthy4,healthy,CD45_positive,endothelial,2003,808,6.889665501747379
healthy4_cd45+_healthy4_cd45+_CACTCCATCTCCAGGG-1,healthy4_cd45+,healthy4,healthy,CD45_positive,other_or_unresolved,4101,1261,3.1455742501828823
healthy4_cd45+_healthy4_cd45+_CGAGAAGTCAGGCGAA-1,healthy4_cd45+,healthy4,healthy,CD45_positive,endothelial,3425,1192,0.1751824817518248
healthy4_cd45+_healthy4_cd45+_CGCTATCAGAATGTTG-1,healthy4_cd45+,healthy4,healthy,CD45_positive,other_or_unresolved,3626,1278,2.8957528957528957
healthy4_cd45+_healthy4_cd45+_CTAGAGTAGCCGCCTA-1,healthy4_cd45+,healthy4,healthy,CD45_positive,macrophage_monocyte,4063,1344,2.190499630814669
healthy4_cd45+_healthy4_cd45+_GACTGCGCACGACGAA-1,healthy4_cd45+,healthy4,healthy,CD45_positive,macrophage_monocyte,4002,1273,2.948525737131434
healthy4_cd45+_healthy4_cd45+_GATCGTACAGCTCGAC-1,healthy4_cd45+,healthy4,healthy,CD45_positive,other_or_unresolved,3155,1065,11.251980982567353
healthy4_cd45+_healthy4_cd45+_GCTGCAGTCACGATGT-1,healthy4_cd45+,healthy4,healthy,CD45_positive,other_or_unresolved,1962,682,1.9877675840978593
healthy4_cd45+_healthy4_cd45+_GGACATTAGTACGACG-1,healthy4_cd45+,healthy4,healthy,CD45_positive,other_or_unresolved,2688,1010,0.9672619047619048
healthy4_cd45+_healthy4_cd45+_GGGTCTGGTGTGCCTG-1,healthy4_cd45+,healthy4,healthy,CD45_positive,other_or_unresolved,4502,1405,5.419813416259441
healthy4_cd45+_healthy4_cd45+_GGTGAAGTCTTAGCCC-1,healthy4_cd45+,healthy4,healthy,CD45_positive,other_or_unresolved,3686,1093,3.3098209441128597
healthy4_cd45+_healthy4_cd45+_TACGGATTCATGTGGT-1,healthy4_cd45+,healthy4,healthy,CD45_positive,macrophage_monocyte,4770,1504,2.4528301886792456
healthy4_cd45+_healthy4_cd45+_TACTTACAGCCTCGTG-1,healthy4_cd45+,healthy4,healthy,CD45_positive,macrophage_monocyte,3036,1101,2.7009222661396577
healthy4_cd45+_healthy4_cd45+_TCTATTGAGAAGATTC-1,healthy4_cd45+,healthy4,healthy,CD45_positive,macrophage_monocyte,7188,1947,4.062326099053979
healthy4_cd45+_healthy4_cd45+_TGGTTAGCACCGAAAG-1,healthy4_cd45+,healthy4,healthy,CD45_positive,other_or_unresolved,2941,1041,3.6722203332199927
healthy4_cd45+_healthy4_cd45+_TGTTCCGAGCGTTCCG-1,healthy4_cd45+,healthy4,healthy,CD45_positive,mesenchymal_HSC_myofibroblast,9004,2595,11.061750333185252
healthy4_cd45+_healthy4_cd45+_TTGCCGTTCTTACCTA-1,healthy4_cd45+,healthy4,healthy,CD45_positive,other_or_unresolved,3303,1130,3.754162882228277
healthy5_cd45+_healthy5_cd45+_ACACCAAAGGATGTAT-1,healthy5_cd45+,healthy5,healthy,CD45_positive,macrophage_monocyte,2649,993,2.5292563231408076
healthy5_cd45+_healthy5_cd45+_ACACCGGCAAGGTTCT-1,healthy5_cd45+,healthy5,healthy,CD45_positive,macrophage_monocyte,2577,999,6.752037252619325
healthy5_cd45+_healthy5_cd45+_ACAGCCGAGTGGCACA-1,healthy5_cd45+,healthy5,healthy,CD45_positive,endothelial,2000,888,2.6
healthy5_cd45+_healthy5_cd45+_ACATACGGTTGGGACA-1,healthy5_cd45+,healthy5,healthy,CD45_positive,other_or_unresolved,1357,612,2.800294767870302
healthy5_cd45+_healthy5_cd45+_ACCGTAATCACATAGC-1,healthy5_cd45+,healthy5,healthy,CD45_positive,macrophage_monocyte,1390,641,3.3093525179856114
healthy5_cd45+_healthy5_cd45+_CAGAGAGAGAGGGATA-1,healthy5_cd45+,healthy5,healthy,CD45_positive,macrophage_monocyte,4502,1434,4.264771212794314
healthy5_cd45+_healthy5_cd45+_CCTACACCAGACGTAG-1,healthy5_cd45+,healthy5,healthy,CD45_positive,macrophage_monocyte,4338,1417,4.287690179806362
healthy5_cd45+_healthy5_cd45+_CGCTGGAGTCTGATCA-1,healthy5_cd45+,healthy5,healthy,CD45_positive,macrophage_monocyte,3147,1077,6.831903400063552
healthy5_cd45+_healthy5_cd45+_CGTGTAAAGAGTACAT-1,healthy5_cd45+,healthy5,healthy,CD45_positive,other_or_unresolved,3485,1105,1.8077474892395984
healthy5_cd45+_healthy5_cd45+_CGTGTCTCACTTAACG-1,healthy5_cd45+,healthy5,healthy,CD45_positive,other_or_unresolved,2349,782,1.9582801191996593
healthy5_cd45+_healthy5_cd45+_CTGAAGTTCACAGTAC-1,healthy5_cd45+,healthy5,healthy,CD45_positive,macrophage_monocyte,2937,1047,0.30643513789581206
healthy5_cd45+_healthy5_cd45+_GAGCAGAAGGGTTTCT-1,healthy5_cd45+,healthy5,healthy,CD45_positive,endothelial,2059,825,3.1568722680913064
healthy5_cd45+_healthy5_cd45+_GCTGCGACAATAGAGT-1,healthy5_cd45+,healthy5,healthy,CD45_positive,other_or_unresolved,3030,1121,3.0033003300330035
healthy5_cd45+_healthy5_cd45+_GCTGGGTAGATCTGAA-1,healthy5_cd45+,healthy5,healthy,CD45_positive,macrophage_monocyte,8126,2005,0.7137583066699483
healthy5_cd45+_healthy5_cd45+_GGAAAGCGTGTCCTCT-1,healthy5_cd45+,healthy5,healthy,CD45_positive,other_or_unresolved,2073,650,2.363724071394115
healthy5_cd45+_healthy5_cd45+_GGGACCTCAAATCCGT-1,healthy5_cd45+,healthy5,healthy,CD45_positive,other_or_unresolved,2303,806,1.0855405992184108
healthy5_cd45+_healthy5_cd45+_GTGTTAGTCGCGGATC-1,healthy5_cd45+,healthy5,healthy,CD45_positive,other_or_unresolved,1260,644,2.142857142857143
healthy5_cd45+_healthy5_cd45+_TCAGGATGTATTAGCC-1,healthy5_cd45+,healthy5,healthy,CD45_positive,endothelial,1578,727,0.5069708491761723
healthy5_cd45+_healthy5_cd45+_TGACTTTAGGCGACAT-1,healthy5_cd45+,healthy5,healthy,CD45_positive,macrophage_monocyte,2614,1054,1.4154552410099464
healthy5_cd45+_healthy5_cd45+_TGATTTCTCTCGCTTG-1,healthy5_cd45+,healthy5,healthy,CD45_positive,macrophage_monocyte,2531,1051,2.25207427894113
