cell,disease_state,compartment_call,embedding_1,embedding_2,embedding_method
cirrhotic1_cd45-A_cirrhotic1_cd45-A_ACACCGGTCCGCTGTT-1,cirrhotic,mesenchymal_HSC_myofibroblast,-2.357258915346271,2.53239833075786,UMAP
cirrhotic1_cd45-A_cirrhotic1_cd45-A_ATAACGCTCCGCATCT-1,cirrhotic,endothelial,-8.15412652437032,-1.66132351126289,UMAP
cirrhotic1_cd45-A_cirrhotic1_cd45-A_CACAGTAAGTACGCCC-1,cirrhotic,mesenchymal_HSC_myofibroblast,-2.5181771511250797,2.3697291489341294,UMAP
cirrhotic1_cd45-A_cirrhotic1_cd45-A_CATGCCTTCTGCGACG-1,cirrhotic,mesenchymal_HSC_myofibroblast,2.275579333860272,-1.2445433561108075,UMAP
cirrhotic1_cd45-A_cirrhotic1_cd45-A_CCATTCGCATGGTAGG-1,cirrhotic,mesenchymal_HSC_myofibroblast,-2.6195377105885806,2.0273600693442857,UMAP
cirrhotic1_cd45-A_cirrhotic1_cd45-A_CCTAAAGGTGTGCCTG-1,cirrhotic,mesenchymal_HSC_myofibroblast,-0.8066374057942691,2.428598987648729,UMAP
cirrhotic1_cd45-A_cirrhotic1_cd45-A_CCTCAGTAGGGTCGAT-1,cirrhotic,macrophage_monocyte,-0.14299490992367886,1.0177477474906482,UMAP
cirrhotic1_cd45-A_cirrhotic1_cd45-A_CCTTTCTAGTTAGCGG-1,cirrhotic,mesenchymal_HSC_myofibroblast,-1.3997392648869815,5.802841293404344,UMAP
cirrhotic1_cd45-A_cirrhotic1_cd45-A_CGGAGTCAGAAACGCC-1,cirrhotic,macrophage_monocyte,-0.44191873018086575,0.6746784325339832,UMAP
cirrhotic1_cd45-A_cirrhotic1_cd45-A_CTCACACTCGTCTGCT-1,cirrhotic,mesenchymal_HSC_myofibroblast,-0.7252089971715274,2.5953580017783677,UMAP
cirrhotic1_cd45-A_cirrhotic1_cd45-A_GAATGAAAGCGAAGGG-1,cirrhotic,endothelial,-8.5751575226003,-1.5027777079842053,UMAP
cirrhotic1_cd45-A_cirrhotic1_cd45-A_GATCGATAGGTGTGGT-1,cirrhotic,endothelial,-7.537793993394977,-3.852383506705519,UMAP
cirrhotic1_cd45-A_cirrhotic1_cd45-A_GCAAACTTCGAACTGT-1,cirrhotic,mesenchymal_HSC_myofibroblast,-1.7513986820393863,2.768069850991014,UMAP
cirrhotic1_cd45-A_cirrhotic1_cd45-A_GCATGATAGTATCGAA-1,cirrhotic,endothelial,-8.557821630876667,-3.2901173953316176,UMAP
cirrhotic1_cd45-A_cirrhotic1_cd45-A_GCGAGAAAGTGCAAGC-1,cirrhotic,endothelial,-9.132329344194538,-1.9087626759312115,UMAP
cirrhotic1_cd45-A_cirrhotic1_cd45-A_GCTGGGTAGTGAACAT-1,cirrhotic,endothelial,-8.78232133333028,-2.925727856566664,UMAP
cirrhotic1_cd45-A_cirrhotic1_cd45-A_GGTATTGTCTGCTGTC-1,cirrhotic,endothelial,-8.013442396562702,-3.528491986205336,UMAP
cirrhotic1_cd45-A_cirrhotic1_cd45-A_GTGCAGCTCTGGAGCC-1,cirrhotic,mesenchymal_HSC_myofibroblast,-1.3993432516270938,6.0907422180869615,UMAP
cirrhotic1_cd45-A_cirrhotic1_cd45-A_GTGTGCGGTGAGGCTA-1,cirrhotic,endothelial,-7.879678129594928,-3.086296809127089,UMAP
cirrhotic1_cd45-A_cirrhotic1_cd45-A_TAGACCAAGATCCCAT-1,cirrhotic,mesenchymal_HSC_myofibroblast,-2.367902635973102,2.418406116554979,UMAP
cirrhotic1_cd45-A_cirrhotic1_cd45-A_TCAACGATCGTTACGA-1,cirrhotic,mesenchymal_HSC_myofibroblast,-0.5871821636372867,3.5020962830283677,UMAP
cirrhotic1_cd45-A_cirrhotic1_cd45-A_TGGACGCGTCTGCGGT-1,cirrhotic,endothelial,-8.863961576860554,-2.817791116645094,UMAP
cirrhotic1_cd45-A_cirrhotic1_cd45-A_TGGGCGTAGGTGTTAA-1,cirrhotic,macrophage_monocyte,6.392140985090131,-2.208314788748976,UMAP
cirrhotic1_cd45-A_cirrhotic1_cd45-A_TTAGTTCCATGAACCT-1,cirrhotic,endothelial,-8.715414404314167,-2.2037250522873366,UMAP
cirrhotic1_cd45-B_cirrhotic1_cd45-B_AAACCTGGTATGAATG-1,cirrhotic,mesenchymal_HSC_myofibroblast,-1.3504316801244083,5.907901870796922,UMAP
cirrhotic1_cd45-B_cirrhotic1_cd45-B_ACCAGTAAGGAATTAC-1,cirrhotic,other_or_unresolved,6.584437966901654,-2.266026688029524,UMAP
cirrhotic1_cd45-B_cirrhotic1_cd45-B_ACTATCTGTTCGGGCT-1,cirrhotic,other_or_unresolved,3.1158708339518246,-2.2637958649895156,UMAP
cirrhotic1_cd45-B_cirrhotic1_cd45-B_ACTTACTCACCGAATT-1,cirrhotic,mesenchymal_HSC_myofibroblast,-2.150539755266315,2.6691161270835435,UMAP
cirrhotic1_cd45-B_cirrhotic1_cd45-B_AGCGTATCAGATAATG-1,cirrhotic,macrophage_monocyte,-1.0721259111577335,0.26584159095073123,UMAP
cirrhotic1_cd45-B_cirrhotic1_cd45-B_AGCTCCTGTGTGCGTC-1,cirrhotic,macrophage_monocyte,-0.9880554670506778,0.3699203606345691,UMAP
cirrhotic1_cd45-B_cirrhotic1_cd45-B_CATTCGCTCGAATCCA-1,cirrhotic,mesenchymal_HSC_myofibroblast,-0.17876300160229824,4.875222789833788,UMAP
cirrhotic1_cd45-B_cirrhotic1_cd45-B_CGGACGTTCAGTTAGC-1,cirrhotic,other_or_unresolved,5.431434751111859,-0.38603593151783566,UMAP
cirrhotic1_cd45-B_cirrhotic1_cd45-B_CTCGGAGTCCTTCAAT-1,cirrhotic,other_or_unresolved,3.1397565608805356,-1.9018364969990216,UMAP
cirrhotic1_cd45-B_cirrhotic1_cd45-B_GAATAAGCACGTAAGG-1,cirrhotic,mesenchymal_HSC_myofibroblast,-1.6345411533528629,5.985324966500047,UMAP
cirrhotic1_cd45-B_cirrhotic1_cd45-B_GACTACAAGCTGCGAA-1,cirrhotic,mesenchymal_HSC_myofibroblast,-1.23088991586507,5.631528484413866,UMAP
cirrhotic1_cd45-B_cirrhotic1_cd45-B_GATCGATTCATCGATG-1,cirrhotic,macrophage_monocyte,-0.650250255506641,0.6076370354392566,UMAP
cirrhotic1_cd45-B_cirrhotic1_cd45-B_GGAAAGCGTTCCACTC-1,cirrhotic,other_or_unresolved,5.607573152143353,-0.28631974499439816,UMAP
cirrhotic1_cd45-B_cirrhotic1_cd45-B_GGAATAACATGTAAGA-1,cirrhotic,mesenchymal_HSC_myofibroblast,-1.3421927684956851,2.811472522804979,UMAP
cirrhotic1_cd45-B_cirrhotic1_cd45-B_GGACATTTCCCACTTG-1,cirrhotic,macrophage_monocyte,-0.8692150110417667,0.3605049725272693,UMAP
cirrhotic1_cd45-B_cirrhotic1_cd45-B_GTAGTCAGTGCCTGCA-1,cirrhotic,other_or_unresolved,6.076430917341107,-1.6104675282142125,UMAP
cirrhotic1_cd45-B_cirrhotic1_cd45-B_TACAGTGGTCTGCAAT-1,cirrhotic,endothelial,-7.830684065263873,-3.797960889746901,UMAP
cirrhotic1_cd45-B_cirrhotic1_cd45-B_TACGGATTCGCGCCAA-1,cirrhotic,mesenchymal_HSC_myofibroblast,-1.4739673132115665,6.037865268776659,UMAP
cirrhotic1_cd45-B_cirrhotic1_cd45-B_TCAGGTATCTCCCTGA-1,cirrhotic,mesenchymal_HSC_myofibroblast,-2.1987751716786685,2.589260208199266,UMAP
cirrhotic1_cd45-B_cirrhotic1_cd45-B_TGACGGCAGACTTTCG-1,cirrhotic,mesenchymal_HSC_myofibroblast,-1.5443072313481632,6.07095395285869,UMAP
cirrhotic1_cd45-B_cirrhotic1_cd45-B_TGGGAAGGTCGGGTCT-1,cirrhotic,macrophage_monocyte,0.7813610440081296,-3.517929685523268,UMAP
cirrhotic1_cd45-B_cirrhotic1_cd45-B_TTAACTCCAAGCTGTT-1,cirrhotic,mesenchymal_HSC_myofibroblast,-0.8629716629201236,3.849672901222948,UMAP
cirrhotic1_cd45-B_cirrhotic1_cd45-B_TTCTCCTCACAACGTT-1,cirrhotic,macrophage_monocyte,-0.9145975107365909,0.40471683699870487,UMAP
cirrhotic1_cd45-B_cirrhotic1_cd45-B_TTTGGTTTCCGTACAA-1,cirrhotic,mesenchymal_HSC_myofibroblast,-0.5340022439175907,0.6967981930472888,UMAP
cirrhotic1_cd45+_cirrhotic1_cd45+_AAAGATGGTACCGGCT-1,cirrhotic,other_or_unresolved,2.239929676610821,-3.5829157952568496,UMAP
cirrhotic1_cd45+_cirrhotic1_cd45+_AAGGCAGCACCGAAAG-1,cirrhotic,other_or_unresolved,5.848322034437055,1.6122182484366931,UMAP
cirrhotic1_cd45+_cirrhotic1_cd45+_ACTGCTCAGGTGTGGT-1,cirrhotic,macrophage_monocyte,3.3985646968668637,-0.6755870107910595,UMAP
cirrhotic1_cd45+_cirrhotic1_cd45+_ATCACGACAGCATGAG-1,cirrhotic,mesenchymal_HSC_myofibroblast,-0.9187182182484928,2.8810931320884263,UMAP
cirrhotic1_cd45+_cirrhotic1_cd45+_CAGATCAGTCATGCCG-1,cirrhotic,endothelial,-7.376086592119342,-3.3060646180412734,UMAP
cirrhotic1_cd45+_cirrhotic1_cd45+_CAGTCCTAGCCAGAAC-1,cirrhotic,macrophage_monocyte,1.256936491090649,-2.553781223704573,UMAP
cirrhotic1_cd45+_cirrhotic1_cd45+_CCTTACGAGAGGGATA-1,cirrhotic,macrophage_monocyte,5.417538762647504,0.996173727104906,UMAP
cirrhotic1_cd45+_cirrhotic1_cd45+_CGGACTGTCATCGCTC-1,cirrhotic,other_or_unresolved,3.6484075790232358,-0.8742631797096692,UMAP
cirrhotic1_cd45+_cirrhotic1_cd45+_CGTGTCTTCCTAGTGA-1,cirrhotic,other_or_unresolved,5.543010831434125,-1.6830191549262963,UMAP
cirrhotic1_cd45+_cirrhotic1_cd45+_GCGCAACCAAAGCGGT-1,cirrhotic,macrophage_monocyte,0.37065824921786167,-3.3594645385048354,UMAP
cirrhotic1_cd45+_cirrhotic1_cd45+_GCGGGTTAGACTTGAA-1,cirrhotic,other_or_unresolved,4.21529042776286,-1.1964972440502606,UMAP
cirrhotic1_cd45+_cirrhotic1_cd45+_GCGGGTTAGCGAAGGG-1,cirrhotic,other_or_unresolved,6.013670564252728,1.3892487164237537,UMAP
cirrhotic1_cd45+_cirrhotic1_cd45+_GCTGCTTAGAGCTATA-1,cirrhotic,other_or_unresolved,5.199293733198041,0.8661574002006092,UMAP
cirrhotic1_cd45+_cirrhotic1_cd45+_GCTGGGTTCATGTCTT-1,cirrhotic,other_or_unresolved,3.830410361844891,-0.927025449683424,UMAP
cirrhotic1_cd45+_cirrhotic1_cd45+_TCGGGACCAGACACTT-1,cirrhotic,endothelial,-8.943834661882526,-2.2707142953178847,UMAP
cirrhotic1_cd45+_cirrhotic1_cd45+_TTGCGTCTCGCTTAGA-1,cirrhotic,macrophage_monocyte,0.44907905216872074,-3.041923416068312,UMAP
cirrhotic2_cd45-_cirrhotic2_cd45-_AACTCCCAGGAATTAC-1,cirrhotic,other_or_unresolved,3.8223410850351986,-1.0227412704727612,UMAP
cirrhotic2_cd45-_cirrhotic2_cd45-_AACTCCCTCGGCGCTA-1,cirrhotic,mesenchymal_HSC_myofibroblast,-0.8872076267415347,3.6929622765281236,UMAP
cirrhotic2_cd45-_cirrhotic2_cd45-_ACATCAGAGCTCAACT-1,cirrhotic,macrophage_monocyte,2.956941009122723,-2.459652257373091,UMAP
cirrhotic2_cd45-_cirrhotic2_cd45-_ACGCCGATCCTCGCAT-1,cirrhotic,macrophage_monocyte,1.3367847209757504,-2.520072830130812,UMAP
cirrhotic2_cd45-_cirrhotic2_cd45-_ACTGTCCGTAAGAGGA-1,cirrhotic,endothelial,-7.747120260637408,-3.1536325339577163,UMAP
cirrhotic2_cd45-_cirrhotic2_cd45-_AGCTTGATCAAACCGT-1,cirrhotic,other_or_unresolved,4.0430709129160585,-1.1031212333939038,UMAP
cirrhotic2_cd45-_cirrhotic2_cd45-_CAAGATCGTCATACTG-1,cirrhotic,mesenchymal_HSC_myofibroblast,-0.5108015531712833,3.220900642464403,UMAP
cirrhotic2_cd45-_cirrhotic2_cd45-_CAGCTAAGTTATCGGT-1,cirrhotic,macrophage_monocyte,1.1364816432779965,-3.173398387839552,UMAP
cirrhotic2_cd45-_cirrhotic2_cd45-_CATCGAAGTGTGAATA-1,cirrhotic,mesenchymal_HSC_myofibroblast,-2.8954302066975894,1.8293522473075428,UMAP
cirrhotic2_cd45-_cirrhotic2_cd45-_CCACGGAAGTGGGATC-1,cirrhotic,macrophage_monocyte,-0.8821680540257755,0.4126139755942859,UMAP
cirrhotic2_cd45-_cirrhotic2_cd45-_CCGTGGAGTAAATACG-1,cirrhotic,macrophage_monocyte,5.12728846128642,-0.33635700981831174,UMAP
cirrhotic2_cd45-_cirrhotic2_cd45-_CCTTCCCAGTCCAGGA-1,cirrhotic,endothelial,-8.659900068681843,-1.593615652283188,UMAP
cirrhotic2_cd45-_cirrhotic2_cd45-_CTACATTGTAGGCTGA-1,cirrhotic,macrophage_monocyte,1.7459602361506161,-3.3211505536339248,UMAP
cirrhotic2_cd45-_cirrhotic2_cd45-_CTCGTCAAGCCGGTAA-1,cirrhotic,macrophage_monocyte,0.3598985156005559,-3.3574932936928237,UMAP
cirrhotic2_cd45-_cirrhotic2_cd45-_CTGATAGTCACAACGT-1,cirrhotic,macrophage_monocyte,0.3904321348255811,-3.4365986708900893,UMAP
cirrhotic2_cd45-_cirrhotic2_cd45-_GCGGGTTCACCCTATC-1,cirrhotic,endothelial,6.334140897352094,-2.2137844685814345,UMAP
cirrhotic2_cd45-_cirrhotic2_cd45-_GGACGTCGTAGCAAAT-1,cirrhotic,mesenchymal_HSC_myofibroblast,-2.561823009889728,2.2876134987571275,UMAP
cirrhotic2_cd45-_cirrhotic2_cd45-_GGCGTGTGTTCACGGC-1,cirrhotic,endothelial,-8.915956854265339,-1.1776164893410168,UMAP
cirrhotic2_cd45-_cirrhotic2_cd45-_GGGACCTTCAGAAATG-1,cirrhotic,macrophage_monocyte,5.452415586072797,1.1739090557792224,UMAP
cirrhotic2_cd45-_cirrhotic2_cd45-_GTACTCCGTTGGGACA-1,cirrhotic,macrophage_monocyte,5.516630292493695,1.4388886566855945,UMAP
cirrhotic2_cd45-_cirrhotic2_cd45-_GTATCTTTCTCGGACG-1,cirrhotic,other_or_unresolved,5.090634942609662,0.9060698624351062,UMAP
cirrhotic2_cd45-_cirrhotic2_cd45-_TACGGGCGTTGAGGTG-1,cirrhotic,macrophage_monocyte,1.5598732238596615,-2.226217222621199,UMAP
cirrhotic2_cd45-_cirrhotic2_cd45-_TCAACGAGTGTTCTTT-1,cirrhotic,endothelial,-9.17896783296407,-1.2862271193764172,UMAP
cirrhotic2_cd45-_cirrhotic2_cd45-_TCCACACAGAGGTTAT-1,cirrhotic,endothelial,-8.772885679643757,-1.3685768369934521,UMAP
cirrhotic2_cd45-_cirrhotic2_cd45-_TGAGCATCAACGCACC-1,cirrhotic,mesenchymal_HSC_myofibroblast,-0.8842248911076847,5.010075199196581,UMAP
cirrhotic2_cd45-_cirrhotic2_cd45-_TGGGAAGCAGTACACT-1,cirrhotic,macrophage_monocyte,0.33577404226719715,-3.5199641112587416,UMAP
cirrhotic2_cd45-_cirrhotic2_cd45-_TGGTTAGCACTGAAGG-1,cirrhotic,mesenchymal_HSC_myofibroblast,-0.6959994429761234,4.705653774330858,UMAP
cirrhotic2_cd45-_cirrhotic2_cd45-_TTGGAACCATTGGTAC-1,cirrhotic,endothelial,-9.263564466875202,-1.9337125841877423,UMAP
cirrhotic2_cd45-_cirrhotic2_cd45-_TTTACTGGTAGGCATG-1,cirrhotic,endothelial,-9.026148199480183,-1.5098230067989789,UMAP
cirrhotic2_cd45+_cirrhotic2_cd45+_AACGTTGTCAGATAAG-1,cirrhotic,endothelial,5.688375115949506,1.4768603916862049,UMAP
cirrhotic2_cd45+_cirrhotic2_cd45+_ACCAGTAAGCGAGAAA-1,cirrhotic,macrophage_monocyte,-0.07126086894810818,0.903402435372118,UMAP
cirrhotic2_cd45+_cirrhotic2_cd45+_AGAATAGCATAGGATA-1,cirrhotic,endothelial,-8.797066091936237,-1.2344558064243756,UMAP
cirrhotic2_cd45+_cirrhotic2_cd45+_AGACGTTAGGGTGTTG-1,cirrhotic,other_or_unresolved,5.849794984418744,-1.8988402609131299,UMAP
cirrhotic2_cd45+_cirrhotic2_cd45+_ATCATGGCAGTAACGG-1,cirrhotic,macrophage_monocyte,4.02781975324809,-1.4722744945785962,UMAP
cirrhotic2_cd45+_cirrhotic2_cd45+_ATCCACCGTGCAGACA-1,cirrhotic,other_or_unresolved,4.928403497297162,-0.5026351336739026,UMAP
cirrhotic2_cd45+_cirrhotic2_cd45+_CACCACTGTCCGTCAG-1,cirrhotic,mesenchymal_HSC_myofibroblast,-0.692043125074512,4.87420855719829,UMAP
cirrhotic2_cd45+_cirrhotic2_cd45+_CATCGAAGTGACTACT-1,cirrhotic,other_or_unresolved,5.373470902997846,-0.2948691968224011,UMAP
cirrhotic2_cd45+_cirrhotic2_cd45+_CGAGCCAGTCATGCAT-1,cirrhotic,other_or_unresolved,4.2884417777842225,1.2312661286094226,UMAP
cirrhotic2_cd45+_cirrhotic2_cd45+_CTCATTACAACACGCC-1,cirrhotic,macrophage_monocyte,5.611493230420941,1.5800064678885974,UMAP
cirrhotic2_cd45+_cirrhotic2_cd45+_CTCGGAGGTTCCAACA-1,cirrhotic,endothelial,-8.256569265764362,-2.8663723592064345,UMAP
cirrhotic2_cd45+_cirrhotic2_cd45+_CTGCGGATCTCGCATC-1,cirrhotic,endothelial,-8.846711515825397,-1.1961442951462231,UMAP
cirrhotic2_cd45+_cirrhotic2_cd45+_GAAACTCGTCATGCCG-1,cirrhotic,mesenchymal_HSC_myofibroblast,-1.4685022825414005,6.103588211128954,UMAP
cirrhotic2_cd45+_cirrhotic2_cd45+_GCATGCGGTTACGCGC-1,cirrhotic,mesenchymal_HSC_myofibroblast,-0.844615101259357,3.7394333954551255,UMAP
cirrhotic2_cd45+_cirrhotic2_cd45+_GCGAGAAGTAACGACG-1,cirrhotic,mesenchymal_HSC_myofibroblast,5.439805627424115,0.7679153557517566,UMAP
cirrhotic2_cd45+_cirrhotic2_cd45+_GCTGCGAGTTACTGAC-1,cirrhotic,mesenchymal_HSC_myofibroblast,6.172360539991254,0.833702671120409,UMAP
cirrhotic2_cd45+_cirrhotic2_cd45+_GGTGCGTGTTAAGATG-1,cirrhotic,macrophage_monocyte,3.9786866908854184,-0.1637661580345593,UMAP
cirrhotic2_cd45+_cirrhotic2_cd45+_GTATTCTAGTACACCT-1,cirrhotic,other_or_unresolved,5.017545343000287,-1.712853309919592,UMAP
cirrhotic2_cd45+_cirrhotic2_cd45+_GTCCTCACATGCCTTC-1,cirrhotic,endothelial,-8.994002699297077,-2.322201621939894,UMAP
cirrhotic2_cd45+_cirrhotic2_cd45+_GTTACAGTCCAAGTAC-1,cirrhotic,other_or_unresolved,4.906211972791547,-1.538283077289816,UMAP
cirrhotic2_cd45+_cirrhotic2_cd45+_TACAGTGGTCATTAGC-1,cirrhotic,macrophage_monocyte,-0.837308406274921,0.5299080486991443,UMAP
cirrhotic2_cd45+_cirrhotic2_cd45+_TCAACGAAGCAAATCA-1,cirrhotic,macrophage_monocyte,-0.7469733947926822,0.5093117829062976,UMAP
cirrhotic2_cd45+_cirrhotic2_cd45+_TCAACGACAGCTGCAC-1,cirrhotic,mesenchymal_HSC_myofibroblast,-0.753256081979877,5.274875747750047,UMAP
cirrhotic2_cd45+_cirrhotic2_cd45+_TTATGCTCAGCAGTTT-1,cirrhotic,endothelial,5.569312692243451,0.8888894196250476,UMAP
cirrhotic3_cd45-_cirrhotic3_cd45-_AACTCAGAGCTGCCCA-1,cirrhotic,macrophage_monocyte,2.0049434905832944,-2.2433698300621474,UMAP
cirrhotic3_cd45-_cirrhotic3_cd45-_AACTTTCTCCACGTTC-1,cirrhotic,macrophage_monocyte,-0.8920055622273746,0.3590515728690662,UMAP
cirrhotic3_cd45-_cirrhotic3_cd45-_ACACCAATCTGAAAGA-1,cirrhotic,mesenchymal_HSC_myofibroblast,-1.8259950870686832,5.508253681252245,UMAP
cirrhotic3_cd45-_cirrhotic3_cd45-_ACACCGGCAACTTGAC-1,cirrhotic,endothelial,-7.523245691698199,-3.742513311316725,UMAP
cirrhotic3_cd45-_cirrhotic3_cd45-_ACGATACTCCCTGACT-1,cirrhotic,macrophage_monocyte,6.447319150525922,1.566688167641405,UMAP
cirrhotic3_cd45-_cirrhotic3_cd45-_AGATCTGCAGTAACGG-1,cirrhotic,endothelial,-9.083465933244831,-1.5747855056426487,UMAP
cirrhotic3_cd45-_cirrhotic3_cd45-_AGCTTGAGTGAGTATA-1,cirrhotic,macrophage_monocyte,5.960837007123822,1.0808864708640613,UMAP
cirrhotic3_cd45-_cirrhotic3_cd45-_AGGCCACGTCTAGGTT-1,cirrhotic,endothelial,-9.345911383073933,-1.8476750824949704,UMAP
cirrhotic3_cd45-_cirrhotic3_cd45-_AGTCTTTTCGCTAGCG-1,cirrhotic,endothelial,-8.193696379106647,-2.826807630469557,UMAP
cirrhotic3_cd45-_cirrhotic3_cd45-_AGTGAGGAGCGATTCT-1,cirrhotic,other_or_unresolved,3.110392928678387,-1.9452255491516552,UMAP
cirrhotic3_cd45-_cirrhotic3_cd45-_AGTTGGTAGTGCAAGC-1,cirrhotic,endothelial,-9.43864858094991,-1.6699460663250647,UMAP
cirrhotic3_cd45-_cirrhotic3_cd45-_ATTATCCAGATATGGT-1,cirrhotic,endothelial,-7.84114587251485,-3.326965821196791,UMAP
cirrhotic3_cd45-_cirrhotic3_cd45-_CAAGAAAGTAAGGGAA-1,cirrhotic,endothelial,-7.933347105425006,-3.4434082631370986,UMAP
cirrhotic3_cd45-_cirrhotic3_cd45-_CACCACTGTCATATGC-1,cirrhotic,macrophage_monocyte,2.150286317426556,-3.0730822209618056,UMAP
cirrhotic3_cd45-_cirrhotic3_cd45-_CAGAATCTCAGCAACT-1,cirrhotic,mesenchymal_HSC_myofibroblast,-1.1177117819005313,3.863986599037889,UMAP
cirrhotic3_cd45-_cirrhotic3_cd45-_CAGGTGCCATGTCGAT-1,cirrhotic,endothelial,-7.7235540146046935,-3.5329446915886367,UMAP
cirrhotic3_cd45-_cirrhotic3_cd45-_CAGGTGCGTTGTTTGG-1,cirrhotic,endothelial,-7.519596456926471,-3.7920345191261733,UMAP
cirrhotic3_cd45-_cirrhotic3_cd45-_CATTCGCCATTTCAGG-1,cirrhotic,mesenchymal_HSC_myofibroblast,-2.3646565670186344,2.2613280888297593,UMAP
cirrhotic3_cd45-_cirrhotic3_cd45-_CCTTCGACATGTAAGA-1,cirrhotic,endothelial,-9.362404226701862,-1.8354714487097226,UMAP
cirrhotic3_cd45-_cirrhotic3_cd45-_CCTTTCTGTGGTGTAG-1,cirrhotic,endothelial,-9.415670751970417,-1.38921256106114,UMAP
cirrhotic3_cd45-_cirrhotic3_cd45-_CGATTGAGTGCCTGCA-1,cirrhotic,endothelial,-7.804637312334186,-3.1245352153084243,UMAP
cirrhotic3_cd45-_cirrhotic3_cd45-_CGCGGTAGTGAGGGTT-1,cirrhotic,macrophage_monocyte,1.7984846835917172,-2.6563642148277724,UMAP
cirrhotic3_cd45-_cirrhotic3_cd45-_CGTCAGGAGATGTTAG-1,cirrhotic,endothelial,-8.76719796602071,-1.8034822617075406,UMAP
cirrhotic3_cd45-_cirrhotic3_cd45-_CTCGAAATCAACGGCC-1,cirrhotic,mesenchymal_HSC_myofibroblast,-2.9952155346089664,1.6547363873221912,UMAP
cirrhotic3_cd45-_cirrhotic3_cd45-_CTCTACGGTCAATGTC-1,cirrhotic,mesenchymal_HSC_myofibroblast,4.158906102735394,-1.469997969677206,UMAP
cirrhotic3_cd45-_cirrhotic3_cd45-_CTTAACTTCTTTACGT-1,cirrhotic,endothelial,-8.398771643083698,-3.367707026412245,UMAP
cirrhotic3_cd45-_cirrhotic3_cd45-_GAACATCGTGTGTGCC-1,cirrhotic,mesenchymal_HSC_myofibroblast,-0.9677057260686222,4.149694072792772,UMAP
cirrhotic3_cd45-_cirrhotic3_cd45-_GACAGAGAGACACGAC-1,cirrhotic,endothelial,-8.072399496477253,-3.302545679023024,UMAP
cirrhotic3_cd45-_cirrhotic3_cd45-_GAGGTGATCATGCATG-1,cirrhotic,endothelial,-7.811752676408893,-3.341010225226637,UMAP
cirrhotic3_cd45-_cirrhotic3_cd45-_GATCAGTGTACTTGAC-1,cirrhotic,endothelial,-9.253604292314655,-1.6023076895973645,UMAP
cirrhotic3_cd45-_cirrhotic3_cd45-_GATCGTAGTTTCCACC-1,cirrhotic,endothelial,-8.545741438310749,-1.781477284838911,UMAP
cirrhotic3_cd45-_cirrhotic3_cd45-_GATGAAACATGAGCGA-1,cirrhotic,endothelial,-7.40976512376607,-3.679975879599806,UMAP
cirrhotic3_cd45-_cirrhotic3_cd45-_GCTCCTATCCGTTGCT-1,cirrhotic,other_or_unresolved,2.438404679853314,-3.1076800946495498,UMAP
cirrhotic3_cd45-_cirrhotic3_cd45-_GGCGTGTGTCTCCATC-1,cirrhotic,endothelial,-9.438540815752155,-1.372734290768858,UMAP
cirrhotic3_cd45-_cirrhotic3_cd45-_GGGAGATGTGAACCTT-1,cirrhotic,endothelial,-8.600042700212605,-1.3735924486420117,UMAP
cirrhotic3_cd45-_cirrhotic3_cd45-_GTACGTACAAGCTGAG-1,cirrhotic,other_or_unresolved,4.9094625716990175,1.195763217995409,UMAP
cirrhotic3_cd45-_cirrhotic3_cd45-_GTTCATTCAGCCTTTC-1,cirrhotic,mesenchymal_HSC_myofibroblast,-0.9283367389851871,2.8964086647727525,UMAP
cirrhotic3_cd45-_cirrhotic3_cd45-_TAGACCACAAAGGAAG-1,cirrhotic,endothelial,-7.749952673357135,-3.6898082618019545,UMAP
cirrhotic3_cd45-_cirrhotic3_cd45-_TAGTTGGTCGCTAGCG-1,cirrhotic,endothelial,5.139061570722455,-0.14379073422169308,UMAP
cirrhotic3_cd45-_cirrhotic3_cd45-_TGATTTCTCATCATTC-1,cirrhotic,other_or_unresolved,5.149416566449994,1.1523660298087635,UMAP
cirrhotic3_cd45-_cirrhotic3_cd45-_TGGCTGGGTTCAGACT-1,cirrhotic,mesenchymal_HSC_myofibroblast,-0.6397100681477847,3.439639198372606,UMAP
cirrhotic3_cd45-_cirrhotic3_cd45-_TTAGGACAGTGAAGTT-1,cirrhotic,endothelial,-7.723243116777545,-3.649944198539015,UMAP
cirrhotic3_cd45-_cirrhotic3_cd45-_TTGGAACCACGAAATA-1,cirrhotic,endothelial,-9.059798597734577,-1.9017878894112072,UMAP
cirrhotic3_cd45+_cirrhotic3_cd45+_ACACCCTGTCCTGCTT-1,cirrhotic,mesenchymal_HSC_myofibroblast,-0.9156339162999454,2.9517017479636705,UMAP
cirrhotic3_cd45+_cirrhotic3_cd45+_ACAGCTAGTCACCTAA-1,cirrhotic,other_or_unresolved,2.376317859250897,-3.61985517780995,UMAP
cirrhotic3_cd45+_cirrhotic3_cd45+_AGACGTTTCAATCTCT-1,cirrhotic,macrophage_monocyte,-0.8356766695195499,0.46765433509135623,UMAP
cirrhotic3_cd45+_cirrhotic3_cd45+_AGCGTATAGTGAATTG-1,cirrhotic,endothelial,-8.3767932647878,-1.7556375835440121,UMAP
cirrhotic3_cd45+_cirrhotic3_cd45+_AGCGTCGGTTCGGCAC-1,cirrhotic,endothelial,-7.256491064470416,-3.5222078685066665,UMAP
cirrhotic3_cd45+_cirrhotic3_cd45+_ATAAGAGGTTGTCTTT-1,cirrhotic,other_or_unresolved,4.414123654920453,-0.7053964261314831,UMAP
cirrhotic3_cd45+_cirrhotic3_cd45+_CAACTAGAGCCCAATT-1,cirrhotic,endothelial,-9.29075753633321,-1.7456736687920056,UMAP
cirrhotic3_cd45+_cirrhotic3_cd45+_CAGTCCTTCGCCGTGA-1,cirrhotic,mesenchymal_HSC_myofibroblast,-1.121052622240192,5.240786182472948,UMAP
cirrhotic3_cd45+_cirrhotic3_cd45+_CATATTCAGCGCCTTG-1,cirrhotic,mesenchymal_HSC_myofibroblast,-0.9989267582112613,2.972875225136522,UMAP
cirrhotic3_cd45+_cirrhotic3_cd45+_CCTTCGACATCGGACC-1,cirrhotic,mesenchymal_HSC_myofibroblast,-2.9997752899342838,1.559821474144701,UMAP
cirrhotic3_cd45+_cirrhotic3_cd45+_CGAATGTAGGCCGAAT-1,cirrhotic,macrophage_monocyte,2.745600104886883,-3.013301384856459,UMAP
cirrhotic3_cd45+_cirrhotic3_cd45+_CGCCAAGGTTTAGGAA-1,cirrhotic,endothelial,-8.307172178667194,-3.34957028668141,UMAP
cirrhotic3_cd45+_cirrhotic3_cd45+_CTCGGGAAGTCTCAAC-1,cirrhotic,endothelial,-7.464270471971637,-3.70166624825215,UMAP
cirrhotic3_cd45+_cirrhotic3_cd45+_GACTACAGTTCCACGG-1,cirrhotic,endothelial,-9.134331106584675,-1.618733966012951,UMAP
cirrhotic3_cd45+_cirrhotic3_cd45+_GATGAAATCCTAGTGA-1,cirrhotic,mesenchymal_HSC_myofibroblast,-2.387072443407184,2.48932610709453,UMAP
cirrhotic3_cd45+_cirrhotic3_cd45+_GCATGATAGATATACG-1,cirrhotic,mesenchymal_HSC_myofibroblast,-2.775230049532062,2.195250141213182,UMAP
cirrhotic3_cd45+_cirrhotic3_cd45+_GCTCCTACAGCTATTG-1,cirrhotic,mesenchymal_HSC_myofibroblast,-1.635514497202045,6.051848995278124,UMAP
cirrhotic3_cd45+_cirrhotic3_cd45+_GGACAAGAGGCGTACA-1,cirrhotic,mesenchymal_HSC_myofibroblast,-2.7525140041524234,1.847961532662157,UMAP
cirrhotic3_cd45+_cirrhotic3_cd45+_GGGAGATTCCTTGGTC-1,cirrhotic,mesenchymal_HSC_myofibroblast,-1.3151005500966373,5.491111385414842,UMAP
cirrhotic3_cd45+_cirrhotic3_cd45+_GGGTTGCGTTTGTTTC-1,cirrhotic,mesenchymal_HSC_myofibroblast,-2.8603867286855045,1.6549569245078601,UMAP
cirrhotic3_cd45+_cirrhotic3_cd45+_GTATCTTTCCAGAGGA-1,cirrhotic,other_or_unresolved,4.736045957166547,-1.1541178051731549,UMAP
cirrhotic3_cd45+_cirrhotic3_cd45+_GTGCATATCTGCGTAA-1,cirrhotic,mesenchymal_HSC_myofibroblast,-2.851815342348224,1.7578436012961902,UMAP
cirrhotic3_cd45+_cirrhotic3_cd45+_TACACGAAGCCGTCGT-1,cirrhotic,mesenchymal_HSC_myofibroblast,-2.6166383022481265,2.291621553490404,UMAP
cirrhotic3_cd45+_cirrhotic3_cd45+_TATCTCAAGCTGTTCA-1,cirrhotic,mesenchymal_HSC_myofibroblast,-2.856087803285724,1.7084592457511463,UMAP
cirrhotic3_cd45+_cirrhotic3_cd45+_TCAATCTCAATGCCAT-1,cirrhotic,mesenchymal_HSC_myofibroblast,-0.8925925487691226,3.3766595001914537,UMAP
cirrhotic3_cd45+_cirrhotic3_cd45+_TCTGGAAGTGACTACT-1,cirrhotic,mesenchymal_HSC_myofibroblast,-2.6516743892842594,1.986203538964037,UMAP
cirrhotic3_cd45+_cirrhotic3_cd45+_TGCCCATTCAAACAAG-1,cirrhotic,macrophage_monocyte,1.6813637023752865,-2.684043777396437,UMAP
cirrhotic3_cd45+_cirrhotic3_cd45+_TGCGCAGTCAGATAAG-1,cirrhotic,macrophage_monocyte,5.931251645643109,1.5248681183555164,UMAP
cirrhotic3_cd45+_cirrhotic3_cd45+_TGGGCGTAGTCTCAAC-1,cirrhotic,mesenchymal_HSC_myofibroblast,-3.0001362556630435,1.731682645867113,UMAP
cirrhotic4_cd45+_cirrhotic4_cd45+_AATCCAGGTTCCGTCT-1,cirrhotic,other_or_unresolved,5.065314889509076,-1.522384268452879,UMAP
cirrhotic4_cd45+_cirrhotic4_cd45+_ACATACGAGAGGTTAT-1,cirrhotic,other_or_unresolved,4.9402595763987245,-1.4618407164118252,UMAP
cirrhotic4_cd45+_cirrhotic4_cd45+_ACGAGCCTCAGGTTCA-1,cirrhotic,endothelial,4.318492532331342,-0.8974497441551648,UMAP
cirrhotic4_cd45+_cirrhotic4_cd45+_ACTTTCAAGGGCTTGA-1,cirrhotic,macrophage_monocyte,0.5150189107245144,-3.1523976449272597,UMAP
cirrhotic4_cd45+_cirrhotic4_cd45+_ATAACGCCATCACCCT-1,cirrhotic,other_or_unresolved,4.5528975730723085,-1.6240984678617678,UMAP
cirrhotic4_cd45+_cirrhotic4_cd45+_ATTTCTGGTCCGTTAA-1,cirrhotic,other_or_unresolved,6.414922833997601,-1.7512367640039883,UMAP
cirrhotic4_cd45+_cirrhotic4_cd45+_CACCTTGTCTGTCTCG-1,cirrhotic,other_or_unresolved,5.391671300489301,-1.8692266766331158,UMAP
cirrhotic4_cd45+_cirrhotic4_cd45+_CAGCAGCTCGTCTGCT-1,cirrhotic,other_or_unresolved,4.883346200544232,-0.21911288540577512,UMAP
cirrhotic4_cd45+_cirrhotic4_cd45+_CAGCCGATCGCTTGTC-1,cirrhotic,macrophage_monocyte,4.607471585828656,-1.698976849426981,UMAP
cirrhotic4_cd45+_cirrhotic4_cd45+_CCACCTACATCCAACA-1,cirrhotic,other_or_unresolved,4.213984370786542,-1.4207349393866024,UMAP
cirrhotic4_cd45+_cirrhotic4_cd45+_CGACCTTGTTACCAGT-1,cirrhotic,other_or_unresolved,3.071858048993939,-2.5954231743118727,UMAP
cirrhotic4_cd45+_cirrhotic4_cd45+_CGTCACTGTTCGGCAC-1,cirrhotic,other_or_unresolved,4.868047833997601,-0.1531000260612927,UMAP
cirrhotic4_cd45+_cirrhotic4_cd45+_CGTCCATAGATGTGGC-1,cirrhotic,macrophage_monocyte,0.4835247700995145,-3.5315547112724746,UMAP
cirrhotic4_cd45+_cirrhotic4_cd45+_CTAACTTTCCAAACTG-1,cirrhotic,other_or_unresolved,4.825348973829144,-0.8729683880112133,UMAP
cirrhotic4_cd45+_cirrhotic4_cd45+_CTAGAGTCAGTACACT-1,cirrhotic,macrophage_monocyte,4.560554624158734,-1.1277914766571484,UMAP
cirrhotic4_cd45+_cirrhotic4_cd45+_CTGATAGAGCTCCTCT-1,cirrhotic,other_or_unresolved,4.225346208173627,-1.223741245677229,UMAP
cirrhotic4_cd45+_cirrhotic4_cd45+_GAGCAGAGTATTAGCC-1,cirrhotic,other_or_unresolved,5.91131413038432,-1.9359592322609387,UMAP
cirrhotic4_cd45+_cirrhotic4_cd45+_GCTGCGACAAAGTCAA-1,cirrhotic,macrophage_monocyte,4.151305318433637,-1.5828789148828946,UMAP
cirrhotic4_cd45+_cirrhotic4_cd45+_GGCAATTGTCTTGATG-1,cirrhotic,macrophage_monocyte,1.4797793632334408,-1.7028404038748703,UMAP
cirrhotic4_cd45+_cirrhotic4_cd45+_GGGTCTGAGAGGACGG-1,cirrhotic,other_or_unresolved,4.376873136121625,-1.4760723833343945,UMAP
cirrhotic4_cd45+_cirrhotic4_cd45+_GGTGAAGGTGGGTATG-1,cirrhotic,mesenchymal_HSC_myofibroblast,-0.22825455610097073,4.5142956848838365,UMAP
cirrhotic4_cd45+_cirrhotic4_cd45+_GTAACTGTCGTCTGCT-1,cirrhotic,other_or_unresolved,4.562795281965131,-1.6074045759043656,UMAP
cirrhotic4_cd45+_cirrhotic4_cd45+_GTGCAGCAGAGCCTAG-1,cirrhotic,other_or_unresolved,4.769051671583051,-1.4219509337446652,UMAP
cirrhotic4_cd45+_cirrhotic4_cd45+_GTGCTTCGTACAGACG-1,cirrhotic,macrophage_monocyte,5.75507748182475,0.6704422112205066,UMAP
cirrhotic4_cd45+_cirrhotic4_cd45+_GTGGGTCAGCTCCCAG-1,cirrhotic,other_or_unresolved,5.516470075208539,-1.2380671922466717,UMAP
cirrhotic4_cd45+_cirrhotic4_cd45+_GTGTGCGTCCAGTAGT-1,cirrhotic,other_or_unresolved,4.4901324516123475,-0.826544595172163,UMAP
cirrhotic4_cd45+_cirrhotic4_cd45+_TACCTTACATAAGACA-1,cirrhotic,other_or_unresolved,2.9509319072550473,-1.706300643493887,UMAP
cirrhotic4_cd45+_cirrhotic4_cd45+_TACGGGCAGCTAAGAT-1,cirrhotic,macrophage_monocyte,1.472995639402264,-1.5576314453384839,UMAP
cirrhotic4_cd45+_cirrhotic4_cd45+_TCAGCAAAGACACGAC-1,cirrhotic,other_or_unresolved,3.167890191633099,-2.7840746764442885,UMAP
cirrhotic4_cd45+_cirrhotic4_cd45+_TCAGGTACAATAGAGT-1,cirrhotic,macrophage_monocyte,0.8214388495272336,-3.124946606566664,UMAP
cirrhotic4_cd45+_cirrhotic4_cd45+_TTGGAACTCACCGTAA-1,cirrhotic,macrophage_monocyte,0.2990437770223556,-3.4391645316383803,UMAP
cirrhotic5_cd45+_cirrhotic5_cd45+_AAGGAGCTCCCAACGG-1,cirrhotic,macrophage_monocyte,1.2125011688059506,-2.8160257462761367,UMAP
cirrhotic5_cd45+_cirrhotic5_cd45+_AAGTCTGTCCCAAGAT-1,cirrhotic,other_or_unresolved,6.632991910535687,1.5303996678092517,UMAP
cirrhotic5_cd45+_cirrhotic5_cd45+_CACAAACCAGACTCGC-1,cirrhotic,other_or_unresolved,2.2094674115961728,-3.501323831488844,UMAP
cirrhotic5_cd45+_cirrhotic5_cd45+_CACATTTGTAGAGCTG-1,cirrhotic,other_or_unresolved,3.073224664289349,-2.7906251076958144,UMAP
cirrhotic5_cd45+_cirrhotic5_cd45+_CAGGTGCGTTCCAACA-1,cirrhotic,other_or_unresolved,5.8388239150828065,-1.8681704525253735,UMAP
cirrhotic5_cd45+_cirrhotic5_cd45+_CCATTCGAGCATGGCA-1,cirrhotic,other_or_unresolved,6.109805226880902,-2.1306614403030837,UMAP
cirrhotic5_cd45+_cirrhotic5_cd45+_CCTATTAGTCGACTGC-1,cirrhotic,macrophage_monocyte,2.857556462842816,-3.110860240866896,UMAP
cirrhotic5_cd45+_cirrhotic5_cd45+_CGATGGCCACACCGAC-1,cirrhotic,other_or_unresolved,5.9051290756052675,-2.086827081849333,UMAP
cirrhotic5_cd45+_cirrhotic5_cd45+_CTCAGAACAAGCGATG-1,cirrhotic,other_or_unresolved,6.000069737989301,0.5254684563376941,UMAP
cirrhotic5_cd45+_cirrhotic5_cd45+_CTGCCTACAGCCTATA-1,cirrhotic,macrophage_monocyte,6.183687806684369,0.20829747874522586,UMAP
cirrhotic5_cd45+_cirrhotic5_cd45+_GCCAAATCAGGCGATA-1,cirrhotic,macrophage_monocyte,6.03679192121684,-2.2613296036026442,UMAP
cirrhotic5_cd45+_cirrhotic5_cd45+_GCCTCTATCCGTTGCT-1,cirrhotic,macrophage_monocyte,1.1004099255388913,-2.910349977423903,UMAP
cirrhotic5_cd45+_cirrhotic5_cd45+_GGGCACTCAAACTGCT-1,cirrhotic,other_or_unresolved,6.1562958961313905,-1.99428526799893,UMAP
cirrhotic5_cd45+_cirrhotic5_cd45+_GTCATTTGTCTCACCT-1,cirrhotic,other_or_unresolved,2.9744712119883236,-2.7352303389809096,UMAP
cirrhotic5_cd45+_cirrhotic5_cd45+_TCAATCTGTGCACGAA-1,cirrhotic,endothelial,-8.541363119524128,-3.221662891318556,UMAP
cirrhotic5_cd45+_cirrhotic5_cd45+_TCACGAATCGGTGTCG-1,cirrhotic,other_or_unresolved,6.306176782209271,-2.440510583331343,UMAP
cirrhotic5_cd45+_cirrhotic5_cd45+_TCGCGTTTCGCGATCG-1,cirrhotic,other_or_unresolved,6.283834100324506,-2.2861192945740187,UMAP
cirrhotic5_cd45+_cirrhotic5_cd45+_TCTGGAAAGCTCAACT-1,cirrhotic,macrophage_monocyte,1.5488274102991757,-2.193678868224379,UMAP
cirrhotic5_cd45+_cirrhotic5_cd45+_TGAGCATAGCGATAGC-1,cirrhotic,macrophage_monocyte,1.2524710899180111,-3.1242281321785415,UMAP
cirrhotic5_cd45+_cirrhotic5_cd45+_TGCTACCCAAGGACAC-1,cirrhotic,macrophage_monocyte,1.4725923543757138,-2.364160132815596,UMAP
healthy1_cd45-A_healthy1_cd45-A_ACTATCTAGAGATGAG-1,healthy,endothelial,-7.425455450456744,-3.367335808684584,UMAP
healthy1_cd45-A_healthy1_cd45-A_ATGGGAGGTGGCTCCA-1,healthy,endothelial,-7.9211858505421935,-3.788817537238356,UMAP
healthy1_cd45-A_healthy1_cd45-A_CTGAAGTCAGTTAACC-1,healthy,endothelial,-8.274348616045124,-1.8747275147936306,UMAP
healthy1_cd45-A_healthy1_cd45-A_CTTTGCGTCTGTGCAA-1,healthy,macrophage_monocyte,2.328546405393475,-3.449831736495253,UMAP
healthy1_cd45-A_healthy1_cd45-A_GAAGCAGCAATAGAGT-1,healthy,endothelial,-7.988358854692584,-3.8115171317360366,UMAP
healthy1_cd45-A_healthy1_cd45-A_GCTGCAGGTAGCTAAA-1,healthy,endothelial,-7.7955096954518615,-2.1389899675152266,UMAP
healthy1_cd45-A_healthy1_cd45-A_GGGAATGAGCAGGTCA-1,healthy,endothelial,-8.20291459504903,-2.257642877509352,UMAP
healthy1_cd45-A_healthy1_cd45-A_GGTGAAGTCACCACCT-1,healthy,mesenchymal_HSC_myofibroblast,-1.0231395954304996,6.217550384590868,UMAP
healthy1_cd45-A_healthy1_cd45-A_TCAATCTAGCGATGAC-1,healthy,endothelial,-5.3851522201711,-1.5080070767900906,UMAP
healthy1_cd45-A_healthy1_cd45-A_TCTGAGACAAGCGCTC-1,healthy,endothelial,-8.66911733094991,-2.275578213145491,UMAP
healthy1_cd45-A_healthy1_cd45-A_TCTGAGATCGGTGTCG-1,healthy,endothelial,-5.58806741182149,-1.5757370192906819,UMAP
healthy1_cd45-B_healthy1_cd45-B_ACATCAGCAGGTGCCT-1,healthy,mesenchymal_HSC_myofibroblast,-1.1856862301045719,5.915061580727342,UMAP
healthy1_cd45-B_healthy1_cd45-B_AGTGGGACAGACGCCT-1,healthy,mesenchymal_HSC_myofibroblast,-0.6180708998853031,5.484766590187792,UMAP
healthy1_cd45-B_healthy1_cd45-B_ATCCGAACAAAGTCAA-1,healthy,mesenchymal_HSC_myofibroblast,-0.5880649084264102,5.083122837136034,UMAP
healthy1_cd45-B_healthy1_cd45-B_ATTACTCCATGTCGAT-1,healthy,mesenchymal_HSC_myofibroblast,-0.4579044574910464,5.3713279839255845,UMAP
healthy1_cd45-B_healthy1_cd45-B_CCAGCGACAGTACACT-1,healthy,mesenchymal_HSC_myofibroblast,1.0175076728647885,3.164340126106981,UMAP
healthy1_cd45-B_healthy1_cd45-B_GACGTTAGTTCGGGCT-1,healthy,mesenchymal_HSC_myofibroblast,-0.6162334078961673,0.5561545963981189,UMAP
healthy1_cd45-B_healthy1_cd45-B_TAGCCGGGTGCAGGTA-1,healthy,mesenchymal_HSC_myofibroblast,2.22060048635661,1.5128670807578601,UMAP
healthy1_cd45-B_healthy1_cd45-B_TGTATTCAGGGATACC-1,healthy,mesenchymal_HSC_myofibroblast,-0.24693787042439602,5.225335228035692,UMAP
healthy1_cd45+_healthy1_cd45+_AGCTTGATCTCTGTCG-1,healthy,other_or_unresolved,4.471157670575971,-1.2044581596157513,UMAP
healthy1_cd45+_healthy1_cd45+_CTCAGAAGTAGCTAAA-1,healthy,macrophage_monocyte,1.2711361056154904,-2.7391791466972792,UMAP
healthy1_cd45+_healthy1_cd45+_GCCAAATGTCATATGC-1,healthy,other_or_unresolved,5.339583993512982,-0.8734363440773449,UMAP
healthy1_cd45+_healthy1_cd45+_GTTCGGGGTCTTTCAT-1,healthy,macrophage_monocyte,2.393097997266644,1.1498924370505847,UMAP
healthy1_cd45+_healthy1_cd45+_TGAGCCGTCATGCAAC-1,healthy,other_or_unresolved,5.4495674377268495,-1.4986567471525631,UMAP
healthy1_cd45+_healthy1_cd45+_TGTGGTAAGCGTTTAC-1,healthy,other_or_unresolved,6.323636651594037,-2.247123909404036,UMAP
healthy2_cd45-_healthy2_cd45-_AAAGTAGGTTACGCGC-1,healthy,other_or_unresolved,2.52687490041911,1.9174185868003406,UMAP
healthy2_cd45-_healthy2_cd45-_AACACGTTCGGATGGA-1,healthy,other_or_unresolved,2.5249003177469906,2.226401435921434,UMAP
healthy2_cd45-_healthy2_cd45-_AACCATGCATCATCCC-1,healthy,mesenchymal_HSC_myofibroblast,-0.21715938989461087,4.856361972878221,UMAP
healthy2_cd45-_healthy2_cd45-_AACCGCGCACACCGCA-1,healthy,mesenchymal_HSC_myofibroblast,2.892044187147015,1.629354583809618,UMAP
healthy2_cd45-_healthy2_cd45-_ACAGCTAGTTGTGGAG-1,healthy,mesenchymal_HSC_myofibroblast,2.8092275863474545,2.323775875160936,UMAP
healthy2_cd45-_healthy2_cd45-_ACATACGCAACTGCGC-1,healthy,macrophage_monocyte,2.228762150365704,-2.600475442816969,UMAP
healthy2_cd45-_healthy2_cd45-_ACCTTTACAATGCCAT-1,healthy,macrophage_monocyte,2.302998185712689,0.750795948097948,UMAP
healthy2_cd45-_healthy2_cd45-_ACGAGGAAGAGTCTGG-1,healthy,mesenchymal_HSC_myofibroblast,-0.03619939033330105,4.747599708626512,UMAP
healthy2_cd45-_healthy2_cd45-_ACGATGTGTTGCGTTA-1,healthy,mesenchymal_HSC_myofibroblast,0.3392003705686269,3.584754573891405,UMAP
healthy2_cd45-_healthy2_cd45-_AGCCTAAAGGGTATCG-1,healthy,macrophage_monocyte,1.9653711324518857,-1.0531246785423718,UMAP
healthy2_cd45-_healthy2_cd45-_AGCGGTCCAATCTGCA-1,healthy,other_or_unresolved,3.5869723563975033,2.11111246306682,UMAP
healthy2_cd45-_healthy2_cd45-_ATTATCCTCTCGGACG-1,healthy,other_or_unresolved,3.5724035507029233,2.1752124901511705,UMAP
healthy2_cd45-_healthy2_cd45-_CAGCTGGCAAGCGATG-1,healthy,macrophage_monocyte,2.027748466092938,2.0608306999900377,UMAP
healthy2_cd45-_healthy2_cd45-_CATCGGGAGATGTAAC-1,healthy,macrophage_monocyte,0.003131449777477757,0.8843978520133533,UMAP
healthy2_cd45-_healthy2_cd45-_CCGTGGAAGGCATGGT-1,healthy,mesenchymal_HSC_myofibroblast,0.29105468382670857,3.7396298523643052,UMAP
healthy2_cd45-_healthy2_cd45-_CCTTTCTGTAACGTTC-1,healthy,mesenchymal_HSC_myofibroblast,3.0224260097330746,2.0257283325889146,UMAP
healthy2_cd45-_healthy2_cd45-_CGAGCCATCAAGGCTT-1,healthy,other_or_unresolved,0.46883353646456577,1.121871101448778,UMAP
healthy2_cd45-_healthy2_cd45-_CGATGTATCACAACGT-1,healthy,mesenchymal_HSC_myofibroblast,1.6703903680628476,2.534647571633104,UMAP
healthy2_cd45-_healthy2_cd45-_CGGACGTGTGACTCAT-1,healthy,mesenchymal_HSC_myofibroblast,0.4051067164128957,4.061127769539598,UMAP
healthy2_cd45-_healthy2_cd45-_CGGCTAGTCTCCGGTT-1,healthy,mesenchymal_HSC_myofibroblast,3.5634087329691586,1.1013804550864734,UMAP
healthy2_cd45-_healthy2_cd45-_CGTTCTGGTAAGTAGT-1,healthy,mesenchymal_HSC_myofibroblast,-0.2880613202267947,5.301479446480516,UMAP
healthy2_cd45-_healthy2_cd45-_CTGAAACAGGCCCGTT-1,healthy,mesenchymal_HSC_myofibroblast,0.22765286322295047,4.3517871971824205,UMAP
healthy2_cd45-_healthy2_cd45-_CTGCCTACATCCAACA-1,healthy,endothelial,-5.64575898591817,-1.5418374810717068,UMAP
healthy2_cd45-_healthy2_cd45-_CTTGGCTGTGTGAATA-1,healthy,mesenchymal_HSC_myofibroblast,1.8458927875345883,1.8567854042747058,UMAP
healthy2_cd45-_healthy2_cd45-_GAACCTATCTGCAGTA-1,healthy,mesenchymal_HSC_myofibroblast,0.04104624744116642,4.625820743630174,UMAP
healthy2_cd45-_healthy2_cd45-_GAATAAGCATGTCCTC-1,healthy,mesenchymal_HSC_myofibroblast,0.28006290839596965,3.988627063820604,UMAP
healthy2_cd45-_healthy2_cd45-_GAATGAAGTCTAGCCG-1,healthy,mesenchymal_HSC_myofibroblast,-0.46960788909733914,4.289650547096971,UMAP
healthy2_cd45-_healthy2_cd45-_GACCTGGCAGCTGCAC-1,healthy,mesenchymal_HSC_myofibroblast,3.286284328061932,2.1835514183738267,UMAP
healthy2_cd45-_healthy2_cd45-_GACGTTATCCACTCCA-1,healthy,mesenchymal_HSC_myofibroblast,0.20063959117590763,4.5386863823630845,UMAP
healthy2_cd45-_healthy2_cd45-_GCATGCGTCCTATGTT-1,healthy,other_or_unresolved,2.226941466886395,2.095351087639574,UMAP
healthy2_cd45-_healthy2_cd45-_GCGGGTTAGAACAATC-1,healthy,mesenchymal_HSC_myofibroblast,-0.07593262140095852,4.29592953879619,UMAP
healthy2_cd45-_healthy2_cd45-_GCGGGTTCAGTTCATG-1,healthy,mesenchymal_HSC_myofibroblast,0.43700110967814304,3.6422415848472154,UMAP
healthy2_cd45-_healthy2_cd45-_GGGATGAAGTGAAGAG-1,healthy,mesenchymal_HSC_myofibroblast,1.47961771543681,2.7214261170127427,UMAP
healthy2_cd45-_healthy2_cd45-_GGGTCTGAGGTTACCT-1,healthy,mesenchymal_HSC_myofibroblast,0.31316535230337955,4.2793127175071275,UMAP
healthy2_cd45-_healthy2_cd45-_GTGCTTCAGGTAGCTG-1,healthy,other_or_unresolved,2.693654180127972,1.3897451039054431,UMAP
healthy2_cd45-_healthy2_cd45-_GTTAAGCCACATAACC-1,healthy,other_or_unresolved,3.2740155463999447,1.4209710236289539,UMAP
healthy2_cd45-_healthy2_cd45-_TACCTTAAGGGTATCG-1,healthy,mesenchymal_HSC_myofibroblast,0.5193323498552975,3.538415062020067,UMAP
healthy2_cd45-_healthy2_cd45-_TCAACGAGTCAAGCGA-1,healthy,macrophage_monocyte,2.820126176435345,2.433808433602098,UMAP
healthy2_cd45-_healthy2_cd45-_TCATTACTCGGCTTGG-1,healthy,macrophage_monocyte,-1.099634050768024,0.40840779502177615,UMAP
healthy2_cd45-_healthy2_cd45-_TCCACACGTCCGAAGA-1,healthy,mesenchymal_HSC_myofibroblast,0.6621001964396176,3.5303741570212877,UMAP
healthy2_cd45-_healthy2_cd45-_TCCACACTCCGGGTGT-1,healthy,mesenchymal_HSC_myofibroblast,-0.09110996071637295,4.58477984626079,UMAP
healthy2_cd45-_healthy2_cd45-_TCGGGACAGTGTCTCA-1,healthy,mesenchymal_HSC_myofibroblast,3.02297389562785,2.33071957785869,UMAP
healthy2_cd45-_healthy2_cd45-_TCGGGACTCACTTCAT-1,healthy,other_or_unresolved,2.924502730924481,2.1339779968955552,UMAP
healthy2_cd45-_healthy2_cd45-_TCTTCGGAGCCGGTAA-1,healthy,macrophage_monocyte,2.3604646926706967,0.7715979691245594,UMAP
healthy2_cd45-_healthy2_cd45-_TGACAACAGGCCCTCA-1,healthy,mesenchymal_HSC_myofibroblast,0.022749066907757298,4.764588939736131,UMAP
healthy2_cd45-_healthy2_cd45-_TGACGGCAGACAGGCT-1,healthy,other_or_unresolved,2.295993209440106,2.100284206459764,UMAP
healthy2_cd45-_healthy2_cd45-_TGAGCCGTCATCGCTC-1,healthy,macrophage_monocyte,-0.4214974636250796,0.6969545956351795,UMAP
healthy2_cd45-_healthy2_cd45-_TGCGTGGCAGTCGATT-1,healthy,mesenchymal_HSC_myofibroblast,0.6777794068640408,3.4273229714133775,UMAP
healthy2_cd45-_healthy2_cd45-_TGGGCGTAGCCAACAG-1,healthy,mesenchymal_HSC_myofibroblast,2.8232749706095395,2.3590413208701646,UMAP
healthy2_cd45-_healthy2_cd45-_TGGTTAGAGATGGGTC-1,healthy,mesenchymal_HSC_myofibroblast,0.5769037907904324,3.5158806915977037,UMAP
healthy2_cd45-_healthy2_cd45-_TGTTCCGCACGTTGGC-1,healthy,macrophage_monocyte,2.167411685544842,1.5085109348990955,UMAP
healthy2_cd45-_healthy2_cd45-_TTGGCAATCAGGCCCA-1,healthy,mesenchymal_HSC_myofibroblast,1.3394893413370785,1.4283746357657947,UMAP
healthy2_cd45-_healthy2_cd45-_TTTACTGAGCTCCCAG-1,healthy,mesenchymal_HSC_myofibroblast,-0.22041964475453518,3.4054843064048326,UMAP
healthy2_cd45+_healthy2_cd45+_AAACCTGTCTTACCGC-1,healthy,other_or_unresolved,3.3085943466013608,1.9527062054374256,UMAP
healthy2_cd45+_healthy2_cd45+_AACTTTCTCCAGATCA-1,healthy,other_or_unresolved,3.4990352397745785,2.0608492966392076,UMAP
healthy2_cd45+_healthy2_cd45+_ACACCCTGTATGGTTC-1,healthy,endothelial,2.9693461662119565,2.215553628990892,UMAP
healthy2_cd45+_healthy2_cd45+_ACCCACTCAGGATCGA-1,healthy,other_or_unresolved,2.600331426221722,1.7083583946921863,UMAP
healthy2_cd45+_healthy2_cd45+_AGCAGCCCAGTCTTCC-1,healthy,other_or_unresolved,3.0968209510630307,1.0054198380210437,UMAP
healthy2_cd45+_healthy2_cd45+_AGGGAGTGTACCTACA-1,healthy,other_or_unresolved,2.422549605924481,1.701141464302782,UMAP
healthy2_cd45+_healthy2_cd45+_ATGCGATGTCGAAAGC-1,healthy,other_or_unresolved,3.376457095701092,1.900555240700487,UMAP
healthy2_cd45+_healthy2_cd45+_CAGCCGAGTCCAGTGC-1,healthy,other_or_unresolved,4.246103644925946,-0.6746295217773877,UMAP
healthy2_cd45+_healthy2_cd45+_CATCAGAGTAAGGGCT-1,healthy,other_or_unresolved,3.3371537929361996,1.7270914192893543,UMAP
healthy2_cd45+_healthy2_cd45+_CGAGAAGAGGAGTTGC-1,healthy,other_or_unresolved,2.258930206853741,1.9395555134513416,UMAP
healthy2_cd45+_healthy2_cd45+_CGTGTAAGTATTCGTG-1,healthy,macrophage_monocyte,1.8402488237208066,-1.7054120164713822,UMAP
healthy2_cd45+_healthy2_cd45+_CTAGCCTGTATGAATG-1,healthy,macrophage_monocyte,1.7347127204722104,-1.8657118354341946,UMAP
healthy2_cd45+_healthy2_cd45+_CTCGGGACAAGCTGGA-1,healthy,endothelial,2.320426822263592,0.658773767540697,UMAP
healthy2_cd45+_healthy2_cd45+_CTTCTCTTCACTTATC-1,healthy,macrophage_monocyte,3.375409722883099,-1.3698700789711438,UMAP
healthy2_cd45+_healthy2_cd45+_GATGAGGGTGAGCGAT-1,healthy,other_or_unresolved,3.024039149839276,1.1558927174308338,UMAP
healthy2_cd45+_healthy2_cd45+_GATGAGGGTGTTCGAT-1,healthy,other_or_unresolved,2.5749584441965756,1.8551257725455799,UMAP
healthy2_cd45+_healthy2_cd45+_GCGCCAAAGGAGTTGC-1,healthy,other_or_unresolved,2.917692781049603,2.0285986538627183,UMAP
healthy2_cd45+_healthy2_cd45+_GCTCCTACAATCCAAC-1,healthy,other_or_unresolved,2.940832496244305,1.5564066048362293,UMAP
healthy2_cd45+_healthy2_cd45+_GCTGGGTCAAGTTAAG-1,healthy,other_or_unresolved,4.237288117963666,-0.22839213650440793,UMAP
healthy2_cd45+_healthy2_cd45+_GGCTGGTTCGTATCAG-1,healthy,other_or_unresolved,3.4380844837015805,2.0996316548087632,UMAP
healthy2_cd45+_healthy2_cd45+_TAAGAGACATAACCTG-1,healthy,macrophage_monocyte,1.1538536554163632,-2.0582326773903334,UMAP
healthy2_cd45+_healthy2_cd45+_TACACGAGTATAAACG-1,healthy,macrophage_monocyte,3.7889498477762875,0.12323855120921512,UMAP
healthy2_cd45+_healthy2_cd45+_TAGCCGGCAGGAACGT-1,healthy,other_or_unresolved,2.576853871900433,2.1575101490714585,UMAP
healthy2_cd45+_healthy2_cd45+_TATTACCGTTGCTCCT-1,healthy,macrophage_monocyte,1.8532087808436093,-2.764834654738661,UMAP
healthy2_cd45+_healthy2_cd45+_TCATTACCACCCATGG-1,healthy,other_or_unresolved,2.762673497754925,1.4993208523490467,UMAP
healthy2_cd45+_healthy2_cd45+_TCGCGAGCACCATCCT-1,healthy,other_or_unresolved,3.037702203351849,1.1885009880759754,UMAP
healthy2_cd45+_healthy2_cd45+_TCTCATAGTACCATCA-1,healthy,endothelial,-7.423732160966998,-3.8116856936714614,UMAP
healthy2_cd45+_healthy2_cd45+_TCTTCGGAGACAATAC-1,healthy,other_or_unresolved,2.267515540677899,1.8813909168937244,UMAP
healthy2_cd45+_healthy2_cd45+_TCTTCGGGTTATGTGC-1,healthy,mesenchymal_HSC_myofibroblast,2.33906972463786,1.9332736607291736,UMAP
healthy2_cd45+_healthy2_cd45+_TGACAACGTCGACTAT-1,healthy,macrophage_monocyte,5.294130921918744,-0.9526867393753491,UMAP
healthy3_cd45-A_healthy3_cd45-A_AAGGCAGTCTTTACGT-1,healthy,endothelial,-6.939753889482623,-1.7634136651060544,UMAP
healthy3_cd45-A_healthy3_cd45-A_AAGGTTCGTTCCCTTG-1,healthy,endothelial,-6.880668997209674,-1.5745713536045514,UMAP
healthy3_cd45-A_healthy3_cd45-A_AAGTCTGAGCTCTCGG-1,healthy,endothelial,-7.764331221025592,-1.9496316139004193,UMAP
healthy3_cd45-A_healthy3_cd45-A_ACCAGTAAGGAGTTGC-1,healthy,macrophage_monocyte,6.315772176343793,1.6883636589744129,UMAP
healthy3_cd45-A_healthy3_cd45-A_ACCTTTAGTACATCCA-1,healthy,endothelial,-5.6292618507558165,-1.4769256387255154,UMAP
healthy3_cd45-A_healthy3_cd45-A_ACTTACTTCCGTAGTA-1,healthy,endothelial,-6.736140608232623,-1.800124061515089,UMAP
healthy3_cd45-A_healthy3_cd45-A_AGATTGCTCCGTCAAA-1,healthy,endothelial,-8.014202474992878,-2.1132145945332015,UMAP
healthy3_cd45-A_healthy3_cd45-A_AGCCTAAGTTTAGCTG-1,healthy,endothelial,5.199848771650189,-0.5913690451881848,UMAP
healthy3_cd45-A_healthy3_cd45-A_AGTAGTCCAGACTCGC-1,healthy,endothelial,-5.877872824113971,-1.6504896667203866,UMAP
healthy3_cd45-A_healthy3_cd45-A_ATAGACCGTCTAAAGA-1,healthy,macrophage_monocyte,-8.550400137346394,-1.8845473949215374,UMAP
healthy3_cd45-A_healthy3_cd45-A_CACAGTATCAACGCTA-1,healthy,mesenchymal_HSC_myofibroblast,-0.7492988104039493,5.801449405739549,UMAP
healthy3_cd45-A_healthy3_cd45-A_CATTATCCACTCGACG-1,healthy,endothelial,-5.726536631029254,-1.4455595586798153,UMAP
healthy3_cd45-A_healthy3_cd45-A_CCATGTCAGGGTCGAT-1,healthy,endothelial,-7.561763643663531,-1.8235376302502118,UMAP
healthy3_cd45-A_healthy3_cd45-A_CCATGTCTCTTGTACT-1,healthy,endothelial,-8.870766996782429,-2.7152404908440078,UMAP
healthy3_cd45-A_healthy3_cd45-A_CCGTTCACAGGCTCAC-1,healthy,endothelial,-6.441184877794391,-1.4569607500336132,UMAP
healthy3_cd45-A_healthy3_cd45-A_CCTAAAGCACTAAGTC-1,healthy,endothelial,-7.224033712785846,-1.9845912579796277,UMAP
healthy3_cd45-A_healthy3_cd45-A_CGCTTCAAGGTTACCT-1,healthy,endothelial,-8.703173994463093,-2.2392430428764785,UMAP
healthy3_cd45-A_healthy3_cd45-A_CGGCTAGAGTTGAGTA-1,healthy,endothelial,-8.918566107195026,-2.64267833273625,UMAP
healthy3_cd45-A_healthy3_cd45-A_GACTACACATGGATGG-1,healthy,endothelial,-6.163971781175738,-1.3413861517212353,UMAP
healthy3_cd45-A_healthy3_cd45-A_GATCTAGGTGTTAAGA-1,healthy,endothelial,-5.721470236223346,-1.4016059611341916,UMAP
healthy3_cd45-A_healthy3_cd45-A_GATGAGGAGTATCTCG-1,healthy,mesenchymal_HSC_myofibroblast,6.497389436323041,-2.468945753981825,UMAP
healthy3_cd45-A_healthy3_cd45-A_GCATACACAGTATAAG-1,healthy,mesenchymal_HSC_myofibroblast,-1.166636585634357,5.3707667465903794,UMAP
healthy3_cd45-A_healthy3_cd45-A_GCCTCTACAGGGCATA-1,healthy,endothelial,-8.359117865007526,-1.4050489340326748,UMAP
healthy3_cd45-A_healthy3_cd45-A_GGAATAAGTCACACGC-1,healthy,endothelial,-6.632236360948688,-1.5182274703285656,UMAP
healthy3_cd45-A_healthy3_cd45-A_GTAACGTGTACTCTCC-1,healthy,other_or_unresolved,6.0468903785532655,1.8162156220176258,UMAP
healthy3_cd45-A_healthy3_cd45-A_GTAACGTTCTTCGAGA-1,healthy,endothelial,-6.7813495392018615,-1.667969116230961,UMAP
healthy3_cd45-A_healthy3_cd45-A_GTGCTTCTCTTGTCAT-1,healthy,endothelial,-6.004568933885699,-1.5591747586033307,UMAP
healthy3_cd45-A_healthy3_cd45-A_GTTACAGAGTCCAGGA-1,healthy,endothelial,-6.43929564897359,-1.583937750419136,UMAP
healthy3_cd45-A_healthy3_cd45-A_GTTTCTAAGAGACTAT-1,healthy,mesenchymal_HSC_myofibroblast,-0.574463962953693,5.484286415169481,UMAP
healthy3_cd45-A_healthy3_cd45-A_TAGACCAAGGCGACAT-1,healthy,mesenchymal_HSC_myofibroblast,-1.9271849388295474,2.8084694023826158,UMAP
healthy3_cd45-A_healthy3_cd45-A_TATCTCAAGTCGATAA-1,healthy,endothelial,-8.131023764055378,-2.896993053366896,UMAP
healthy3_cd45-A_healthy3_cd45-A_TATCTCACAAGCCATT-1,healthy,macrophage_monocyte,0.1268997346943555,-3.596292150428053,UMAP
healthy3_cd45-A_healthy3_cd45-A_TCAACGATCTGATTCT-1,healthy,endothelial,-6.813707231920367,-1.5475064043304882,UMAP
healthy3_cd45-A_healthy3_cd45-A_TCCACACTCGTGACAT-1,healthy,endothelial,-5.9813922638112365,-1.265857351233717,UMAP
healthy3_cd45-A_healthy3_cd45-A_TCCCGATTCCTTGCCA-1,healthy,endothelial,-8.244404196184284,-1.5213511336944066,UMAP
healthy3_cd45-A_healthy3_cd45-A_TGCCAAAAGACCACGA-1,healthy,endothelial,-5.957302927415973,-1.434553292801138,UMAP
healthy3_cd45-A_healthy3_cd45-A_TGGTTAGGTACATCCA-1,healthy,endothelial,-5.844178080003863,-1.394080457498785,UMAP
healthy3_cd45-A_healthy3_cd45-A_TGTCCCAGTGCAGACA-1,healthy,macrophage_monocyte,5.3089824920481385,-0.4353059653542004,UMAP
healthy3_cd45-A_healthy3_cd45-A_TTAGTTCTCCTAGGGC-1,healthy,macrophage_monocyte,1.0773552661722836,-1.952928108384367,UMAP
healthy3_cd45-A_healthy3_cd45-A_TTATGCTCACGGTAAG-1,healthy,endothelial,-8.812673925798542,-2.898235452582594,UMAP
healthy3_cd45-A_healthy3_cd45-A_TTCTCAACATGAACCT-1,healthy,endothelial,-8.127734541338093,-1.9495157722732983,UMAP
healthy3_cd45-B_healthy3_cd45-B_AAACCTGTCAGGCAAG-1,healthy,mesenchymal_HSC_myofibroblast,-1.1228071445638004,5.292377578804735,UMAP
healthy3_cd45-B_healthy3_cd45-B_ACATACGCAAGACGTG-1,healthy,mesenchymal_HSC_myofibroblast,-0.8172910207921329,5.957377063820604,UMAP
healthy3_cd45-B_healthy3_cd45-B_AGGTCATCACCGATAT-1,healthy,macrophage_monocyte,5.539707780439252,-0.6864383343956433,UMAP
healthy3_cd45-B_healthy3_cd45-B_ATGCGATCATCCCACT-1,healthy,endothelial,-8.051351904314167,-2.9528397444984877,UMAP
healthy3_cd45-B_healthy3_cd45-B_CAGATCATCACTATTC-1,healthy,mesenchymal_HSC_myofibroblast,-0.8077929014378848,6.0429283257224595,UMAP
healthy3_cd45-B_healthy3_cd45-B_CGCTATCGTTACAGAA-1,healthy,mesenchymal_HSC_myofibroblast,-0.5558566445523563,5.700147258827928,UMAP
healthy3_cd45-B_healthy3_cd45-B_GATTCAGAGTCAAGCG-1,healthy,mesenchymal_HSC_myofibroblast,-0.8739351028615299,6.116314041207079,UMAP
healthy3_cd45-B_healthy3_cd45-B_GCTTCCACACAGGCCT-1,healthy,other_or_unresolved,5.737487912732953,-0.6723262194893322,UMAP
healthy3_cd45-B_healthy3_cd45-B_GGAAAGCCAAAGCGGT-1,healthy,mesenchymal_HSC_myofibroblast,-0.7946590179616275,5.895072090218309,UMAP
healthy3_cd45-B_healthy3_cd45-B_GGATTACCATCCAACA-1,healthy,mesenchymal_HSC_myofibroblast,-0.8602277034932437,6.183157550881151,UMAP
healthy3_cd45-B_healthy3_cd45-B_GGGCACTTCGGTGTTA-1,healthy,mesenchymal_HSC_myofibroblast,-0.897622823160297,5.699152099678758,UMAP
healthy3_cd45-B_healthy3_cd45-B_GGTGTTACAGCCTATA-1,healthy,mesenchymal_HSC_myofibroblast,-0.6593274468594852,5.9469863053062,UMAP
healthy3_cd45-B_healthy3_cd45-B_TAAACCGCAAAGTGCG-1,healthy,other_or_unresolved,5.396162152845258,-1.3685674194595776,UMAP
healthy3_cd45-B_healthy3_cd45-B_TGAGCCGTCGAGAACG-1,healthy,endothelial,-8.085488676469929,-2.728860032965895,UMAP
healthy3_cd45-B_healthy3_cd45-B_TGCGGGTGTCAATACC-1,healthy,mesenchymal_HSC_myofibroblast,6.607723355848187,-2.534114611556288,UMAP
healthy3_cd45-B_healthy3_cd45-B_TGTGTTTCATCTATGG-1,healthy,macrophage_monocyte,0.4004227003043828,-3.166527760436293,UMAP
healthy3_cd45-B_healthy3_cd45-B_TTCTCAAAGTTTAGGA-1,healthy,mesenchymal_HSC_myofibroblast,-0.7378873819524112,5.832196819374803,UMAP
healthy3_cd45-B_healthy3_cd45-B_TTGACTTTCAGTTTGG-1,healthy,mesenchymal_HSC_myofibroblast,-1.1676456922704044,5.549368011543993,UMAP
healthy3_cd45+_healthy3_cd45+_AACTGGTGTCGCCATG-1,healthy,other_or_unresolved,2.8765329128092465,-2.9313360575935805,UMAP
healthy3_cd45+_healthy3_cd45+_AGCTCTCAGATATACG-1,healthy,macrophage_monocyte,5.229933381635541,-0.9870349292061291,UMAP
healthy3_cd45+_healthy3_cd45+_CATGGCGAGCGATCCC-1,healthy,endothelial,3.1254976993387875,-2.582655919005629,UMAP
healthy3_cd45+_healthy3_cd45+_CGCCAAGGTCTAGTGT-1,healthy,macrophage_monocyte,5.618417859632367,-0.9900012139580212,UMAP
healthy3_cd45+_healthy3_cd45+_CTTAACTAGGCAAAGA-1,healthy,macrophage_monocyte,5.364294171888226,0.7757834072806873,UMAP
healthy3_cd45+_healthy3_cd45+_GAAGCAGCAGTACACT-1,healthy,other_or_unresolved,6.28303682859599,-1.7905853812000714,UMAP
healthy3_cd45+_healthy3_cd45+_GAGTCCGAGTTATCGC-1,healthy,other_or_unresolved,5.379910588819379,-0.7881161693832837,UMAP
healthy3_cd45+_healthy3_cd45+_GCTCTGTAGGCCCGTT-1,healthy,other_or_unresolved,6.50020515974223,-2.0656873409054244,UMAP
healthy3_cd45+_healthy3_cd45+_TATTACCTCTGGAGCC-1,healthy,other_or_unresolved,5.2472311263865175,0.9531377430655994,UMAP
healthy3_cd45+_healthy3_cd45+_TCGTAGAAGACCTAGG-1,healthy,endothelial,-8.872516989153034,-1.7527648035786114,UMAP
healthy3_cd45+_healthy3_cd45+_TGCGGGTCAAACGCGA-1,healthy,other_or_unresolved,2.9779082542246518,-2.626030934264418,UMAP
healthy3_cd45+_healthy3_cd45+_TGGTTCCCATGTCTCC-1,healthy,macrophage_monocyte,6.50013887937724,1.5300229664542713,UMAP
healthy3_cd45+_healthy3_cd45+_TTATGCTTCCAGAAGG-1,healthy,macrophage_monocyte,6.2061640029734315,1.8505476589896717,UMAP
healthy4_cd45-_healthy4_cd45-_AACACGTTCCCGACTT-1,healthy,macrophage_monocyte,6.353180528241986,-2.4622252110741103,UMAP
healthy4_cd45-_healthy4_cd45-_AGTGTCATCAGGCGAA-1,healthy,macrophage_monocyte,1.2869406944101986,-3.2654680136940444,UMAP
healthy4_cd45-_healthy4_cd45-_ATTGGACCAATCGAAA-1,healthy,endothelial,-8.743897795122272,-2.4294546369812453,UMAP
healthy4_cd45-_healthy4_cd45-_ATTGGACTCTCAACTT-1,healthy,macrophage_monocyte,1.431792975026959,-3.302263033797499,UMAP
healthy4_cd45-_healthy4_cd45-_CCATTCGTCAGTACGT-1,healthy,endothelial,-6.006725668352252,-1.5195552010438405,UMAP
healthy4_cd45-_healthy4_cd45-_CTACACCTCAAGGTAA-1,healthy,macrophage_monocyte,5.970625520307416,-0.2495297316811047,UMAP
healthy4_cd45-_healthy4_cd45-_CTAGTGATCGCCAGCA-1,healthy,other_or_unresolved,5.5815888648813905,0.7121595020988025,UMAP
healthy4_cd45-_healthy4_cd45-_GATGAGGAGTTCGCAT-1,healthy,macrophage_monocyte,0.3252962050920663,-3.4921028737328017,UMAP
healthy4_cd45-_healthy4_cd45-_GCACTCTAGATCTGCT-1,healthy,macrophage_monocyte,0.1677061175888715,-3.614551794936415,UMAP
healthy4_cd45-_healthy4_cd45-_GCATGATGTTACGACT-1,healthy,endothelial,-6.954605459612018,-1.6253469895920716,UMAP
healthy4_cd45-_healthy4_cd45-_GCGCAGTTCCACGTGG-1,healthy,macrophage_monocyte,1.352320910055035,-2.2545973781845534,UMAP
healthy4_cd45-_healthy4_cd45-_GTAACTGTCGTCTGCT-1,healthy,endothelial,-9.064628004472858,-2.0851613406441176,UMAP
healthy4_cd45-_healthy4_cd45-_GTCCTCACATCGGGTC-1,healthy,macrophage_monocyte,0.9872673755472836,-3.111157429625746,UMAP
healthy4_cd45-_healthy4_cd45-_TATGCCCAGCATCATC-1,healthy,endothelial,-8.841325163286335,-2.2841479901573623,UMAP
healthy4_cd45-_healthy4_cd45-_TCTCTAATCCTCAACC-1,healthy,endothelial,-7.093234419267779,-1.6284241445711813,UMAP
healthy4_cd45-_healthy4_cd45-_TGAGCCGGTAAATACG-1,healthy,macrophage_monocyte,0.4313881104773221,-3.4719482783577407,UMAP
healthy4_cd45-_healthy4_cd45-_TGCCAAAGTCTAGCCG-1,healthy,macrophage_monocyte,0.8025875097101864,-3.2775726441643203,UMAP
healthy4_cd45-_healthy4_cd45-_TGTGTTTCAAACGTGG-1,healthy,endothelial,-6.1017912620717345,-1.448155147244688,UMAP
healthy4_cd45+_healthy4_cd45+_ACACCAATCGTGTAGT-1,healthy,macrophage_monocyte,6.176203847486371,-1.6852580394945107,UMAP
healthy4_cd45+_healthy4_cd45+_ACCAGTACATCGTCGG-1,healthy,macrophage_monocyte,5.648137689191693,-0.3413469914696179,UMAP
healthy4_cd45+_healthy4_cd45+_ACGATGTTCACCGGGT-1,healthy,other_or_unresolved,3.0668011909311947,-2.713363182952162,UMAP
healthy4_cd45+_healthy4_cd45+_AGTCTTTTCCCAAGAT-1,healthy,endothelial,3.9481390720194516,0.9796253319480457,UMAP
healthy4_cd45+_healthy4_cd45+_ATAGACCGTAGAAAGG-1,healthy,macrophage_monocyte,6.258003354627484,1.4041834946372547,UMAP
healthy4_cd45+_healthy4_cd45+_ATCGAGTGTCCAGTAT-1,healthy,endothelial,4.574092507917279,0.7930725689628162,UMAP
healthy4_cd45+_healthy4_cd45+_CACTCCATCTCCAGGG-1,healthy,other_or_unresolved,6.117262006360883,-1.7748439435265027,UMAP
healthy4_cd45+_healthy4_cd45+_CGAGAAGTCAGGCGAA-1,healthy,endothelial,-5.894658445757037,-1.4913617942831479,UMAP
healthy4_cd45+_healthy4_cd45+_CGCTATCAGAATGTTG-1,healthy,other_or_unresolved,6.181821466047162,1.6487330075004138,UMAP
healthy4_cd45+_healthy4_cd45+_CTAGAGTAGCCGCCTA-1,healthy,macrophage_monocyte,6.198697686750287,-1.4453513447544537,UMAP
healthy4_cd45+_healthy4_cd45+_GACTGCGCACGACGAA-1,healthy,macrophage_monocyte,5.849482656080121,-1.2259095732471905,UMAP
healthy4_cd45+_healthy4_cd45+_GATCGTACAGCTCGAC-1,healthy,other_or_unresolved,5.508990884382123,-0.23696805279469113,UMAP
healthy4_cd45+_healthy4_cd45+_GCTGCAGTCACGATGT-1,healthy,other_or_unresolved,3.860500455457562,-0.7893233422539196,UMAP
healthy4_cd45+_healthy4_cd45+_GGACATTAGTACGACG-1,healthy,other_or_unresolved,5.335753560621137,-0.08404601853108029,UMAP
healthy4_cd45+_healthy4_cd45+_GGGTCTGGTGTGCCTG-1,healthy,other_or_unresolved,6.0859175926035585,-0.45535184185719113,UMAP
healthy4_cd45+_healthy4_cd45+_GGTGAAGTCTTAGCCC-1,healthy,other_or_unresolved,5.723116994459027,-1.5583482880494557,UMAP
healthy4_cd45+_healthy4_cd45+_TACGGATTCATGTGGT-1,healthy,macrophage_monocyte,6.5581537490671815,1.414140092919115,UMAP
healthy4_cd45+_healthy4_cd45+_TACTTACAGCCTCGTG-1,healthy,macrophage_monocyte,5.617303968030805,-0.37283779423451047,UMAP
healthy4_cd45+_healthy4_cd45+_TCTATTGAGAAGATTC-1,healthy,macrophage_monocyte,6.472499490339154,1.3854571457603015,UMAP
healthy4_cd45+_healthy4_cd45+_TGGTTAGCACCGAAAG-1,healthy,other_or_unresolved,5.646372438032025,0.8347273941733875,UMAP
healthy4_cd45+_healthy4_cd45+_TGTTCCGAGCGTTCCG-1,healthy,mesenchymal_HSC_myofibroblast,-1.5995944732838931,6.242148029396776,UMAP
healthy4_cd45+_healthy4_cd45+_TTGCCGTTCTTACCTA-1,healthy,other_or_unresolved,5.792808652479047,-1.3760171655914746,UMAP
healthy5_cd45+_healthy5_cd45+_ACACCAAAGGATGTAT-1,healthy,macrophage_monocyte,1.860729456502789,-1.6622398153296671,UMAP
healthy5_cd45+_healthy5_cd45+_ACACCGGCAAGGTTCT-1,healthy,macrophage_monocyte,1.9277366405314145,-1.655994306539651,UMAP
healthy5_cd45+_healthy5_cd45+_ACAGCCGAGTGGCACA-1,healthy,endothelial,4.062648654538983,0.5263985272147693,UMAP
healthy5_cd45+_healthy5_cd45+_ACATACGGTTGGGACA-1,healthy,other_or_unresolved,3.6777321105784115,1.532980072090868,UMAP
healthy5_cd45+_healthy5_cd45+_ACCGTAATCACATAGC-1,healthy,macrophage_monocyte,2.3963836437052426,0.8087214108207263,UMAP
healthy5_cd45+_healthy5_cd45+_CAGAGAGAGAGGGATA-1,healthy,macrophage_monocyte,1.2846590882128415,-2.4094824914238417,UMAP
healthy5_cd45+_healthy5_cd45+_CCTACACCAGACGTAG-1,healthy,macrophage_monocyte,1.5419092183893857,-2.195946109702345,UMAP
healthy5_cd45+_healthy5_cd45+_CGCTGGAGTCTGATCA-1,healthy,macrophage_monocyte,1.7319449191874203,-1.9807477418682538,UMAP
healthy5_cd45+_healthy5_cd45+_CGTGTAAAGAGTACAT-1,healthy,other_or_unresolved,5.544239640790814,-1.5039287183783017,UMAP
healthy5_cd45+_healthy5_cd45+_CGTGTCTCACTTAACG-1,healthy,other_or_unresolved,4.06101739462077,-1.2252486471435986,UMAP
healthy5_cd45+_healthy5_cd45+_CTGAAGTTCACAGTAC-1,healthy,macrophage_monocyte,5.0777412658518495,-1.0548297886154614,UMAP
healthy5_cd45+_healthy5_cd45+_GAGCAGAAGGGTTTCT-1,healthy,endothelial,3.861871362287396,-0.7588830713531933,UMAP
healthy5_cd45+_healthy5_cd45+_GCTGCGACAATAGAGT-1,healthy,other_or_unresolved,5.155058980543012,-1.1683216516277752,UMAP
healthy5_cd45+_healthy5_cd45+_GCTGGGTAGATCTGAA-1,healthy,macrophage_monocyte,0.7377488022631344,-3.3568110589287246,UMAP
healthy5_cd45+_healthy5_cd45+_GGAAAGCGTGTCCTCT-1,healthy,other_or_unresolved,3.792585015851849,-0.8585677270195446,UMAP
healthy5_cd45+_healthy5_cd45+_GGGACCTCAAATCCGT-1,healthy,other_or_unresolved,4.019385934430951,-1.0850938681862317,UMAP
healthy5_cd45+_healthy5_cd45+_GTGTTAGTCGCGGATC-1,healthy,other_or_unresolved,3.380111575681561,1.8606370564200916,UMAP
healthy5_cd45+_healthy5_cd45+_TCAGGATGTATTAGCC-1,healthy,endothelial,3.8172351127451596,0.48892985541606326,UMAP
healthy5_cd45+_healthy5_cd45+_TGACTTTAGGCGACAT-1,healthy,macrophage_monocyte,1.8947232967203793,-1.6933315519592724,UMAP
healthy5_cd45+_healthy5_cd45+_TGATTTCTCTCGCTTG-1,healthy,macrophage_monocyte,4.553875566083783,-1.1171445373794995,UMAP
